Language,City,Route Name,Stop Count,Places
Turkish,Istanbul,Tarihi Yarımada Mirası,7,"Ayasofya, Sultanahmet Camii, Yerebatan Sarnıcı, Topkapı Sarayı, Kapalıçarşı, Mısır Çarşısı, Süleymaniye Camii"
English,Istanbul,Historic Peninsula Heritage,7,"Ayasofya, Sultanahmet Camii, Yerebatan Sarnıcı, Topkapı Sarayı, Kapalıçarşı, Mısır Çarşısı, Süleymaniye Camii"
Turkish,Istanbul,Boğaz & Saraylar Keyfi,6,"Boğaz Turu, Dolmabahçe Sarayı, Ortaköy, Bebek, Galata Kulesi, Rumeli Hisarı"
English,Istanbul,Bosphorus & Palaces,6,"Boğaz Turu, Dolmabahçe Sarayı, Ortaköy, Bebek, Galata Kulesi, Rumeli Hisarı"
Turkish,Istanbul,Kadıköy Lokal Hayat,6,"Kadıköy, Moda, Çiya Sofrası, Akmar Pasajı, Haydarpaşa Garı, Tellalzade Sokak"
English,Istanbul,Kadıköy Local Spirit,6,"Kadıköy, Moda, Çiya Sofrası, Akmar Pasajı, Haydarpaşa Garı, Tellalzade Sokak"
Turkish,Istanbul,Sokak Lezzetleri Turu,6,"Mısır Çarşısı, Kapalıçarşı, Karaköy Güllüoğlu, Hafız Mustafa 1864, Tarihi Sultanahmet Köftecisi, Şehzade Cağ Kebap"
English,Istanbul,Eternal Street Flavors,6,"Mısır Çarşısı, Kapalıçarşı, Karaköy Güllüoğlu, Hafız Mustafa 1864, Tarihi Sultanahmet Köftecisi, Şehzade Cağ Kebap"
Turkish,Istanbul,Modern Sanat Rotası,6,"İstanbul Modern, Galata Kulesi, Balat, SALT Galata, Pera Müzesi, Tersane İstanbul"
English,Istanbul,Modern Art & Haliç,6,"İstanbul Modern, Galata Kulesi, Balat, SALT Galata, Pera Müzesi, Tersane İstanbul"
Turkish,Istanbul,Beyoğlu Gece Hayatı,6,"İstiklal Caddesi, Galata Kulesi, Mikla, Asmalı Cavit, Babylon, Nevizade Sokak"
English,Istanbul,Beyoğlu Night Pulse,6,"İstiklal Caddesi, Galata Kulesi, Mikla, Asmalı Cavit, Babylon, Nevizade Sokak"
Turkish,Istanbul,Çarşılar & Baharatlar,6,"Kapalıçarşı, Mısır Çarşısı, Hafız Mustafa 1864, Arasta Çarşısı, Mahmutpaşa, Sahaflar Çarşısı"
English,Istanbul,Bazaars & Artisans,6,"Kapalıçarşı, Mısır Çarşısı, Hafız Mustafa 1864, Arasta Çarşısı, Mahmutpaşa, Sahaflar Çarşısı"
Turkish,Istanbul,Adalar Kaçamağı,6,"Kabataş İskelesi, Büyükada, Aya Yorgi Kilisesi, Büyükada Marina, Heybeliada, Dilburnu Tabiat Parkı"
English,Istanbul,Princes' Islands Escape,6,"Kabataş İskelesi, Büyükada, Aya Yorgi Kilisesi, Büyükada Marina, Heybeliada, Dilburnu Tabiat Parkı"
Turkish,Istanbul,Kahve Avcılığı,6,"Petra Roasting, Kronotrop, Coffee Sapiens, MOC, Mandabatmaz, Federal Coffee"
English,Istanbul,Specialty Coffee Hunt,6,"Petra Roasting, Kronotrop, Coffee Sapiens, MOC, Mandabatmaz, Federal Coffee"
Turkish,Istanbul,Gün Batımı Noktaları,6,"Üsküdar Salacak, Galata Kulesi, Pierre Loti, Süleymaniye, Maidens Tower (Kız Kulesi), Sanatkarlar Parkı"
English,Istanbul,Golden Hour Views,6,"Üsküdar Salacak, Galata Kulesi, Pierre Loti, Süleymaniye, Maidens Tower (Kız Kulesi), Sanatkarlar Parkı"
Turkish,Barcelona,Gotik & Born Labirenti,6,"Gothic Quarter, Plaça Reial, Las Ramblas, El Born, Museu Picasso, Santa Caterina Market"
English,Barcelona,Gothic Quarter & Born Maze,6,"Gothic Quarter, Plaça Reial, Las Ramblas, El Born, Museu Picasso, Santa Caterina Market"
Turkish,Barcelona,Gaudí'nin Hayal Rotası,5,"Sagrada Familia, Casa Batlló, Casa Milà (La Pedrera), Park Güell, Casa Vicens"
English,Barcelona,Gaudí's Imaginative Path,5,"Sagrada Familia, Casa Batlló, Casa Milà (La Pedrera), Park Güell, Casa Vicens"
Turkish,Barcelona,Deniz & Tuz Kokusu,4,"Barceloneta Beach, Barceloneta Mahallesi, Parc de la Ciutadella, Poblenou"
English,Barcelona,Sea & Salt Breezes,4,"Barceloneta Beach, Barceloneta Mahallesi, Parc de la Ciutadella, Poblenou"
Turkish,Barcelona,El Born Şıklığı & Kültür,4,"Museu Picasso, El Born, Santa Caterina Market, Palau de la Música Catalana"
English,Barcelona,El Born Chic & Culture,4,"Museu Picasso, El Born, Santa Caterina Market, Palau de la Música Catalana"
Turkish,Barcelona,Gracia Köy Havası,3,"Gràcia, Park Güell, Casa Vicens"
English,Barcelona,Gracia Village Vibes,3,"Gràcia, Park Güell, Casa Vicens"
Turkish,Barcelona,Tapas & Pazar Turu,5,"La Boqueria, Santa Caterina Market, El Born, El Raval, Gràcia"
English,Barcelona,Tapas & Market Trail,5,"La Boqueria, Santa Caterina Market, El Born, El Raval, Gràcia"
Turkish,Barcelona,Montjuïc Tepeleri,4,"Montjuïc, MNAC, Fundació Joan Miró, Magic Fountain of Montjuïc"
English,Barcelona,Montjuïc Heights,4,"Montjuïc, MNAC, Fundació Joan Miró, Magic Fountain of Montjuïc"
Turkish,Barcelona,Raval Sokak Ruhu,3,"MACBA, El Raval, Las Ramblas"
English,Barcelona,Raval Street Spirit,3,"MACBA, El Raval, Las Ramblas"
Turkish,Barcelona,Romantik Masal,5,"Bunkers del Carmel, Tibidabo, Parc del Laberint d'Horta, Parc de la Ciutadella, Magic Fountain of Montjuïc"
English,Barcelona,Romantic Fairytale,5,"Bunkers del Carmel, Tibidabo, Parc del Laberint d'Horta, Parc de la Ciutadella, Magic Fountain of Montjuïc"
Turkish,Barcelona,Eixample Görkemi,3,"Casa Batlló, Casa Milà (La Pedrera), Sant Pau Recinte Modernista"
English,Barcelona,Eixample Grandeur,3,"Casa Batlló, Casa Milà (La Pedrera), Sant Pau Recinte Modernista"
Turkish,Paris,Paris İkonları,6,"Eyfel Kulesi, Trocadéro, Arc de Triomphe, Champs-Élysées, Place de la Concorde, Musée d'Orsay"
English,Paris,Parisian Landmarks,6,"Eyfel Kulesi, Trocadéro, Arc de Triomphe, Champs-Élysées, Place de la Concorde, Musée d'Orsay"
Turkish,Paris,Montmartre'ın Sanat Ruhu,6,"Montmartre, Sacré-Cœur Bazilikası, Place du Tertre, Moulin Rouge, Mur des Je t'aime, Musée de Montmartre"
English,Paris,Montmartre's Artistic Soul,6,"Montmartre, Sacré-Cœur Bazilikası, Place du Tertre, Moulin Rouge, Mur des Je t'aime, Musée de Montmartre"
Turkish,Paris,Le Marais Tüccar Tarihi,6,"Le Marais, Place des Vosges, Rue des Rosiers, Museé Carnavalet, Saint-Paul-Saint-Louis, L'As du Fallafel"
English,Paris,Le Marais Merchant History,6,"Le Marais, Place des Vosges, Rue des Rosiers, Museé Carnavalet, Saint-Paul-Saint-Louis, L'As du Fallafel"
Turkish,Paris,Sanat Maratonu,6,"Louvre Müzesi, Musée d'Orsay, Musée de l'Orangerie, Centre Pompidou, Musée Rodin, Palais Royal"
English,Paris,Art Immersion Marathon,6,"Louvre Müzesi, Musée d'Orsay, Musée de l'Orangerie, Centre Pompidou, Musée Rodin, Palais Royal"
Turkish,Paris,Gurme Paris Rotası,6,"Marché d'Aligre, Rue Cler, Saint-Germain-des-Prés, Café de Flore, Canal Saint-Martin, Belleville"
English,Paris,Gourmet Paris Trail,6,"Marché d'Aligre, Rue Cler, Saint-Germain-des-Prés, Café de Flore, Canal Saint-Martin, Belleville"
Turkish,Paris,Adalar & Nehir Sırları,6,"Notre-Dame Katedrali, Sainte-Chapelle, Pont Neuf, Pont Alexandre III, Shakespeare and Company, Île de la Cité"
English,Paris,Islands & River Secrets,6,"Notre-Dame Katedrali, Sainte-Chapelle, Pont Neuf, Pont Alexandre III, Shakespeare and Company, Île de la Cité"
Turkish,Paris,Latin Mahallesi Öğrenci Hayatı,6,"Sorbonne, Panthéon, Jardin du Luxembourg, Shakespeare and Company, Rue Mouffetard, Latin Quarter"
English,Paris,Latin Quarter Scholarly Life,6,"Sorbonne, Panthéon, Jardin du Luxembourg, Shakespeare and Company, Rue Mouffetard, Latin Quarter"
Turkish,Paris,Işıklar Şehri Gecesi,6,"Eyfel Kulesi, Pont Alexandre III, Moulin Rouge, Canal Saint-Martin, Notre-Dame Katedrali, Arc de Triomphe"
English,Paris,City of Lights Nocturne,6,"Eyfel Kulesi, Pont Alexandre III, Moulin Rouge, Canal Saint-Martin, Notre-Dame Katedrali, Arc de Triomphe"
Turkish,Paris,Versay Kraliyet Kaçamağı,6,"Palace of Versailles, Gardens of Versailles, Petit Trianon, Grand Trianon, Queen's Hamlet, Hall of Mirrors"
English,Paris,Versailles Royal Escape,6,"Palace of Versailles, Gardens of Versailles, Petit Trianon, Grand Trianon, Queen's Hamlet, Hall of Mirrors"
Turkish,Paris,Canal Saint-Martin ve Ötesi,6,"Canal Saint-Martin, Belleville, Buttes-Chaumont Parkı, Le Marais, Place de la République, Bassin de la Villette"
English,Paris,Canal Saint-Martin & Beyond,6,"Canal Saint-Martin, Belleville, Buttes-Chaumont Parkı, Le Marais, Place de la République, Bassin de la Villette"
Turkish,Rome,Antik İmparatorluk Yolu,6,"Kolezyum, Roma Forumu, Palatino Tepesi (Palatine Hill), Altare della Patria (Vittoriano), Largo di Torre Argentina, Baths of Caracalla"
English,Rome,Ancient Imperial Wonders,6,"Kolezyum, Roma Forumu, Palatino Tepesi (Palatine Hill), Altare della Patria (Vittoriano), Largo di Torre Argentina, Baths of Caracalla"
Turkish,Rome,Vatikan Başyapıtları,6,"Vatikan Müzeleri, St. Peter's Basilica (San Pietro Bazilikası), Castel Sant'Angelo, Borgo, Villa Farnesina, Janiculum (Gianicolo)"
English,Rome,Vatican Masterpieces,6,"Vatikan Müzeleri, St. Peter's Basilica (San Pietro Bazilikası), Castel Sant'Angelo, Borgo, Villa Farnesina, Janiculum (Gianicolo)"
Turkish,Rome,Trastevere Bohem Gecesi,6,"Trastevere, Basilica di Santa Maria in Trastevere, Piazza Trilussa, Da Enzo al 29, Supplì Roma, Vicolo del Moro"
English,Rome,Trastevere Bohemian Night,6,"Trastevere, Basilica di Santa Maria in Trastevere, Piazza Trilussa, Da Enzo al 29, Supplì Roma, Vicolo del Moro"
Turkish,Rome,Roma Gurme Lezzetler,6,"Mercato di Testaccio, Roscioli, Campo de' Fiori, Da Enzo al 29, Mordi e Vai, Supplì Roma"
English,Rome,Gourmet Roman Flavours,6,"Mercato di Testaccio, Roscioli, Campo de' Fiori, Da Enzo al 29, Mordi e Vai, Supplì Roma"
Turkish,Rome,Barok Meydanlar & Çeşmeler,6,"Trevi Çeşmesi, Pantheon, Piazza Navona, Spanish Steps (İspanyol Merdivenleri), Piazza del Popolo, Piazza Venezia"
English,Rome,Baroque Squares & Fountains,6,"Trevi Çeşmesi, Pantheon, Piazza Navona, Spanish Steps (İspanyol Merdivenleri), Piazza del Popolo, Piazza Venezia"
Turkish,Rome,Artizan Dondurma Yolu,6,"Giolitti, Frigidarium, Fatamorgana, Gelateria del Teatro, Old Bridge Gelateria, Come il Latte"
English,Rome,Artisanal Gelato Trail,6,"Giolitti, Frigidarium, Fatamorgana, Gelateria del Teatro, Old Bridge Gelateria, Come il Latte"
Turkish,Rome,Ebedi Şehir Ufukları,6,"Knights of Malta Keyhole, Giardino degli Aranci, Pincio Tepesi, Janiculum (Gianicolo), Villa Borghese, Altare della Patria (Vittoriano)"
English,Rome,Eternal City Horizons,6,"Knights of Malta Keyhole, Giardino degli Aranci, Pincio Tepesi, Janiculum (Gianicolo), Villa Borghese, Altare della Patria (Vittoriano)"
Turkish,Rome,Aperitivo Saati & Manzaralar,6,"Hotel Raphael Terrace, Salotto 42, Etablì, Terrazza Borromini, Freni e Frizioni, Jerry Thomas Speakeasy"
English,Rome,Aperitivo Hour & Views,6,"Hotel Raphael Terrace, Salotto 42, Etablì, Terrazza Borromini, Freni e Frizioni, Jerry Thomas Speakeasy"
Turkish,Rome,Yahudi Mahallesi Mirası,6,"Portico d'Ottavia, Great Synagogue, Nonna Betta, Turtle Fountain, Theatre of Marcellus, Campo de' Fiori"
English,Rome,Jewish Ghetto Heritage,6,"Portico d'Ottavia, Great Synagogue, Nonna Betta, Turtle Fountain, Theatre of Marcellus, Campo de' Fiori"
Turkish,Rome,Erken Kuş Roma Turu,6,"Trevi Çeşmesi, Pantheon, Piazza Navona, İspanyol Merdivenleri, Piazza del Popolo, Castel Sant'Angelo"
English,Rome,Early Bird's Rome,6,"Trevi Çeşmesi, Pantheon, Piazza Navona, İspanyol Merdivenleri, Piazza del Popolo, Castel Sant'Angelo"
Turkish,London,Kraliyet Londra Turu,4,"Buckingham Palace, Big Ben & Westminster, Tower Bridge, Hyde Park"
English,London,Royal London Walk,4,"Buckingham Palace, Big Ben & Westminster, Tower Bridge, Hyde Park"
Turkish,London,Ücretsiz Müze Günü,4,"British Museum, Natural History Museum, V&A Museum, Tate Modern"
English,London,Free Museum Day,4,"British Museum, Natural History Museum, V&A Museum, Tate Modern"
Turkish,London,East End Sokak Sanatı,3,"Brick Lane, Shoreditch, Borough Market"
English,London,East End Street Art,3,"Brick Lane, Shoreditch, Borough Market"
Turkish,London,South Bank Kültür Rotası,4,"Tate Modern, Borough Market, Tower Bridge, St. Paul's Cathedral"
English,London,South Bank Culture,4,"Tate Modern, Borough Market, Tower Bridge, St. Paul's Cathedral"
Turkish,London,Borough Market Turu,3,"Borough Market, Maltby Street Market, The George Inn"
English,London,Borough & Beyond,3,"Borough Market, Maltby Street Market, The George Inn"
Turkish,London,Notting Hill Renkleri,3,"Portobello Road Market, Notting Hill, Hyde Park"
English,London,Notting Hill Colors,3,"Portobello Road Market, Notting Hill, Hyde Park"
Turkish,London,Tarihi Pub Turu,3,"Ye Olde Cheshire Cheese, The Lamb and Flag, Gordon's Wine Bar"
English,London,Historic Pub Crawl,3,"Ye Olde Cheshire Cheese, The Lamb and Flag, Gordon's Wine Bar"
Turkish,London,Kraliyet Parkları,3,"Hyde Park, Notting Hill, Regent's Park"
English,London,Royal Parks Escape,3,"Hyde Park, Notting Hill, Regent's Park"
Turkish,London,Ücretsiz Manzara Noktaları,3,"Sky Garden, Tate Modern, Tower Bridge"
English,London,Free Viewpoints,3,"Sky Garden, Tate Modern, Tower Bridge"
Turkish,London,Camden Alternatif Rota,3,"Camden Market, Shoreditch, Brick Lane"
English,London,Camden Alternative,3,"Camden Market, Shoreditch, Brick Lane"
Turkish,Berlin,Soğuk Savaş Berlini,7,"Berlin Duvarı Anıtı, Checkpoint Charlie, Topography of Terror, Tränenpalast, Holokost Anıtı, Potsdamer Platz, DDR Museum"
English,Berlin,Cold War Berlin,7,"Berlin Duvarı Anıtı, Checkpoint Charlie, Topography of Terror, Tränenpalast, Holokost Anıtı, Potsdamer Platz, DDR Museum"
Turkish,Berlin,Kreuzberg Lokal Hayat,7,"Türkischer Markt, Markthalle Neun, Badeschiff, Victoriapark, Görlitzer Park, Oberbaumbrücke, Curry 36"
English,Berlin,Kreuzberg Local Life,7,"Türkischer Markt, Markthalle Neun, Badeschiff, Victoriapark, Görlitzer Park, Oberbaumbrücke, Curry 36"
Turkish,Berlin,Müze Adası,7,"Müze Adası, Neues Museum, Berliner Dom, Altes Museum, Bode Müzesi, Pergamon Müzesi, James Simon Galeri"
English,Berlin,Museum Island,7,"Müze Adası, Neues Museum, Berliner Dom, Altes Museum, Bode Müzesi, Pergamon Müzesi, James Simon Galeri"
Turkish,Berlin,Döner & Currywurst Turu,6,"Mustafa's Gemüse Kebap, Curry 36, Burgermeister, Markthalle Neun, Konnopke's Imbiss, Risa Chicken"
English,Berlin,Döner & Currywurst Trail,6,"Mustafa's Gemüse Kebap, Curry 36, Burgermeister, Markthalle Neun, Konnopke's Imbiss, Risa Chicken"
Turkish,Berlin,Gece Hayatı Girişi,7,"RAW-Gelände, Urban Spree, Berghain, Watergate, Tresor, Wilden Renate, Kater Blau"
English,Berlin,Club Scene Intro,7,"RAW-Gelände, Urban Spree, Berghain, Watergate, Tresor, Wilden Renate, Kater Blau"
Turkish,Berlin,Tempelhof Özgürlüğü,6,"Tempelhof Park, Schillerkiez, Klunkerkranich, Körnerpark, Hasenheide, Bergmannkiez"
English,Berlin,Tempelhof Freedom,6,"Tempelhof Park, Schillerkiez, Klunkerkranich, Körnerpark, Hasenheide, Bergmannkiez"
Turkish,Berlin,Pazar Günü Mauerpark,6,"Mauerpark, Prenzlauer Berg, Bernauer Strasse, Kulturbrauerei, Arkonaplatz Flea Market, Prater Biergarten"
English,Berlin,Sunday at Mauerpark,6,"Mauerpark, Prenzlauer Berg, Bernauer Strasse, Kulturbrauerei, Arkonaplatz Flea Market, Prater Biergarten"
Turkish,Berlin,Prenzlauer Berg Kahvaltısı,6,"Prenzlauer Berg, Mauerpark, Kollwitzplatz, Kastanienallee, Rykestrasse Synagogue, Helmholtzplatz"
English,Berlin,Prenzlauer Berg Brunch,6,"Prenzlauer Berg, Mauerpark, Kollwitzplatz, Kastanienallee, Rykestrasse Synagogue, Helmholtzplatz"
Turkish,Berlin,Yahudi Berlin,6,"Holokost Anıtı, Jewish Museum, Topography of Terror, New Synagogue, Otto Weidt's Workshop, Gleis 17"
English,Berlin,Jewish Berlin,6,"Holokost Anıtı, Jewish Museum, Topography of Terror, New Synagogue, Otto Weidt's Workshop, Gleis 17"
Turkish,Berlin,Sokak Sanatı Turu,6,"East Side Gallery, RAW Gelände, Urban Spree, Haus Schwarzenberg, Teufelsberg, Mauerpark Murals"
English,Berlin,Street Art Safari,6,"East Side Gallery, RAW Gelände, Urban Spree, Haus Schwarzenberg, Teufelsberg, Mauerpark Murals"
Turkish,Amsterdam,Altın Çağ Kanalları,6,"Kanal Turu, Dam Meydanı, Begijnhof, Anne Frank Evi, Westerkerk, De 9 Straatjes"
English,Amsterdam,Golden Age Canals,6,"Kanal Turu, Dam Meydanı, Begijnhof, Anne Frank Evi, Westerkerk, De 9 Straatjes"
Turkish,Amsterdam,Sanat & Başyapıtlar Yolu,6,"Rijksmuseum, Van Gogh Müzesi, Stedelijk Museum, Moco Museum, Vondelpark, Concertgebouw"
English,Amsterdam,Art & Masterpieces Trail,6,"Rijksmuseum, Van Gogh Müzesi, Stedelijk Museum, Moco Museum, Vondelpark, Concertgebouw"
Turkish,Amsterdam,Jordaan Bohem Gezisi,6,"Jordaan, Anne Frank Evi, Winkel 43, Noordermarkt, Prinsengracht, Westerstraat"
English,Amsterdam,Jordaan Bohemian Wander,6,"Jordaan, Anne Frank Evi, Winkel 43, Noordermarkt, Prinsengracht, Westerstraat"
Turkish,Amsterdam,Hollanda Lezzetleri & Pazarlar,6,"Albert Cuyp Markt, Foodhallen, Heineken Experience, Brouwerij 't IJ, Van Stapele, Winkel 43"
English,Amsterdam,Dutch Flavours & Markets,6,"Albert Cuyp Markt, Foodhallen, Heineken Experience, Brouwerij 't IJ, Van Stapele, Winkel 43"
Turkish,Amsterdam,Yerel Gibi Bisiklet Turu,6,"Vondelpark, NDSM Wharf, A'DAM Lookout, Westerpark, IJ Ferry Cruise, Museumplein"
English,Amsterdam,Bike Like a Local,6,"Vondelpark, NDSM Wharf, A'DAM Lookout, Westerpark, IJ Ferry Cruise, Museumplein"
Turkish,Amsterdam,De Pijp Bohem Rotaları,6,"Albert Cuyp Markt, Sarphatipark, Gerard Douplein, Heineken Experience, Museumplein, Rijksmuseum"
English,Amsterdam,De Pijp Bohemian Vibes,6,"Albert Cuyp Markt, Sarphatipark, Gerard Douplein, Heineken Experience, Museumplein, Rijksmuseum"
Turkish,Amsterdam,Red Light & Gizli Cevherler,6,"Red Light District, Nieuwmarkt, Rembrandtplein, Door 74, Tales & Spirits, SkyLounge Amsterdam"
English,Amsterdam,Red Light & Hidden Gems,6,"Red Light District, Nieuwmarkt, Rembrandtplein, Door 74, Tales & Spirits, SkyLounge Amsterdam"
Turkish,Amsterdam,Noord Endüstriyel Stil,6,"EYE Filmmuseum, NDSM Wharf, A'DAM Lookout, Straat Museum, Pllek, IJ Ferry Cruise"
English,Amsterdam,Noord Industrial Cool,6,"EYE Filmmuseum, NDSM Wharf, A'DAM Lookout, Straat Museum, Pllek, IJ Ferry Cruise"
Turkish,Amsterdam,Amsterdam'ın Yeşil Bahçeleri,6,"Vondelpark, Hortus Botanicus, Oosterpark, Rembrandtpark, Westerpark, Beatrixpark"
English,Amsterdam,Amsterdam's Green Oases,6,"Vondelpark, Hortus Botanicus, Oosterpark, Rembrandtpark, Westerpark, Beatrixpark"
Turkish,Amsterdam,Artizan Kahve & Kafeler,6,"Lot Sixty One Coffee, Coffee & Coconuts, Pluk, Winkel 43, De Laatste Kruimel, Hannekes Boom"
English,Amsterdam,Artisanal Coffee & Cafes,6,"Lot Sixty One Coffee, Coffee & Coconuts, Pluk, Winkel 43, De Laatste Kruimel, Hannekes Boom"
Turkish,NewYork,İkonik Manhattan,4,"Times Square, Empire State Building, Central Park, Rockefeller Center"
English,NewYork,Iconic Manhattan,4,"Times Square, Empire State Building, Central Park, Rockefeller Center"
Turkish,NewYork,Brooklyn Köprüsü,6,"Brooklyn Bridge, DUMBO, Pebble Beach, Time Out Market, Brooklyn Bridge Park, Grimaldi's"
English,NewYork,Brooklyn Bridge & DUMBO,6,"Brooklyn Bridge, DUMBO, Pebble Beach, Time Out Market, Brooklyn Bridge Park, Grimaldi's"
Turkish,NewYork,High Line Parkuru,4,"High Line, Chelsea Market, Little Island, Whitney Museum"
English,NewYork,High Line & Chelsea,4,"High Line, Chelsea Market, Little Island, Whitney Museum"
Turkish,NewYork,NY Yemek Turu,4,"Joe's Pizza, Katz's Deli, Ess-a-Bagel, Junior's"
English,NewYork,NYC Food Crawl,4,"Joe's Pizza, Katz's Deli, Ess-a-Bagel, Junior's"
Turkish,NewYork,Müze Rotası,4,"Metropolitan Museum, MoMA, Guggenheim, Neue Galerie"
English,NewYork,Museum Mile,4,"Metropolitan Museum, MoMA, Guggenheim, Neue Galerie"
Turkish,NewYork,Williamsburg,3,"Bedford Avenue, Smorgasburg, Domino Park"
English,NewYork,Williamsburg Hipster,3,"Bedford Avenue, Smorgasburg, Domino Park"
Turkish,NewYork,Gökdelen Manzaraları,3,"Top of the Rock, SUMMIT One Vanderbilt, Brooklyn Promenade"
English,NewYork,Skyline Views,3,"Top of the Rock, SUMMIT One Vanderbilt, Brooklyn Promenade"
Turkish,NewYork,Broadway Gecesi,3,"Broadway Theater District, 230 Fifth Rooftop, Blue Note"
English,NewYork,Broadway & Nightlife,3,"Broadway Theater District, 230 Fifth Rooftop, Blue Note"
Turkish,NewYork,Central Park Keşfi,3,"Bethesda Fountain, The Ramble, Belvedere Castle"
English,NewYork,Central Park Deep Dive,3,"Bethesda Fountain, The Ramble, Belvedere Castle"
Turkish,NewYork,SoHo Alışverişi,3,"Broadway SoHo, Greene Street, Nolita"
English,NewYork,SoHo Shopping,3,"Broadway SoHo, Greene Street, Nolita"
Turkish,Tokyo,Tokyo Temelleri,6,"Shibuya Crossing, Hachiko Statue, Meiji Shrine, Yoyogi Park, Senso-ji Temple, Tokyo Tower"
English,Tokyo,Tokyo Essentials,6,"Shibuya Crossing, Hachiko Statue, Meiji Shrine, Yoyogi Park, Senso-ji Temple, Tokyo Tower"
Turkish,Tokyo,Ramen Rotası,6,"Ichiran Ramen, Afuri Ramen (Yuzu Ramen), Fuunji (Tsukemen), Ramen Street (Tokyo Station), Rokurinsha, Nakiryu (Michelin Star)"
English,Tokyo,Ramen Pilgrimage,6,"Ichiran Ramen, Afuri Ramen (Yuzu Ramen), Fuunji (Tsukemen), Ramen Street (Tokyo Station), Rokurinsha, Nakiryu (Michelin Star)"
Turkish,Tokyo,Akihabara Geek Turu,6,"Akihabara Electric Town, Mandarake Complex, Yodobashi Camera, Radio Kaikan, Super Potato (Retro Games), Maid Cafe"
English,Tokyo,Akihabara Geek Tour,6,"Akihabara Electric Town, Mandarake Complex, Yodobashi Camera, Radio Kaikan, Super Potato (Retro Games), Maid Cafe"
Turkish,Tokyo,Shibuya & Harajuku,5,"Shibuya Crossing, Miyashita Park, Takeshita Street, Cat Street, Omotesando"
English,Tokyo,Shibuya & Harajuku,5,"Shibuya Crossing, Miyashita Park, Takeshita Street, Cat Street, Omotesando"
Turkish,Tokyo,Tsukiji Pazar,5,"Tsukiji Outer Market, Sushizanmai Main Branch, Tamagoyaki shops, Tsukiji Hongwanji Temple, Kitsuneya (Beef Bowls)"
English,Tokyo,Tsukiji Outer Market,5,"Tsukiji Outer Market, Sushizanmai Main Branch, Tamagoyaki shops, Tsukiji Hongwanji Temple, Kitsuneya (Beef Bowls)"
Turkish,Tokyo,Shinjuku Gecesi,6,"Kabukicho, Golden Gai, Omoide Yokocho (Piss Alley), Shinjuku Gyoen National Garden, Hanazono Shrine, Tokyo Metropolitan Govt Building"
English,Tokyo,Shinjuku Night,6,"Kabukicho, Golden Gai, Omoide Yokocho (Piss Alley), Shinjuku Gyoen National Garden, Hanazono Shrine, Tokyo Metropolitan Govt Building"
Turkish,Tokyo,TeamLab Dijital Sanat,5,"TeamLab Planets TOYOSU, TeamLab Borderless (Azabudai Hills), Mori Art Museum, Tokyo City View, Roppongi Hills"
English,Tokyo,TeamLab Digital Art,5,"TeamLab Planets TOYOSU, TeamLab Borderless (Azabudai Hills), Mori Art Museum, Tokyo City View, Roppongi Hills"
Turkish,Tokyo,Shimokitazawa,5,"Shimokitazawa Station, Vintage Clothing Shops, Basement Bar (Live Music), Shirohige’s Cream Puff Factory, Setagaya Park"
English,Tokyo,Shimokitazawa Vintage,5,"Shimokitazawa Station, Vintage Clothing Shops, Basement Bar (Live Music), Shirohige’s Cream Puff Factory, Setagaya Park"
Turkish,Tokyo,Konbini Turu,3,"7-Eleven, Lawson, Family Mart"
English,Tokyo,Konbini Food Tour,3,"7-Eleven, Lawson, Family Mart"
Turkish,Tokyo,Eski Tokyo Asakusa,3,"Senso-ji Temple, Nakamise Street, Kaminarimon Gate"
English,Tokyo,Old Tokyo Asakusa,3,"Senso-ji Temple, Nakamise Street, Kaminarimon Gate"
Turkish,Sevilla,Sevilla'nın Tarihi Kalbi,8,"Real Alcázar, Catedral & Giralda, Plaza de España, Plaza del Cabildo, Archivo de Indias, Santa Cruz Neighborhood, Hospital de los Venerables, Jardines de Murillo"
English,Sevilla,Historic Heart of Seville,8,"Real Alcázar, Catedral & Giralda, Plaza de España, Plaza del Cabildo, Archivo de Indias, Santa Cruz Neighborhood, Hospital de los Venerables, Jardines de Murillo"
Turkish,Sevilla,Triana & Nehir Keyfi,7,"Triana, Torre del Oro, Mercado Lonja del Barranco, Castillo de San Jorge, Calle Betis, Puente de Isabel II, Mercado de Triana"
English,Sevilla,Triana & River Vibes,7,"Triana, Torre del Oro, Mercado Lonja del Barranco, Castillo de San Jorge, Calle Betis, Puente de Isabel II, Mercado de Triana"
Turkish,Sevilla,Modern Sevilla & Parklar,7,"Metropol Parasol (Las Setas), Plaza de España, Torre Sevilla, Maria Luisa Park, Pabellón de la Navegación, CaixaForum Sevilla, Puente de la Barqueta"
English,Sevilla,Modern Seville & Parks,7,"Metropol Parasol (Las Setas), Plaza de España, Torre Sevilla, Maria Luisa Park, Pabellón de la Navegación, CaixaForum Sevilla, Puente de la Barqueta"
Turkish,Sevilla,Otantik Tapas Turu,7,"Bodega Santa Cruz (Las Columnas), Eslava, El Rinconcillo, Casa Morales, Las Teresas, Mercado de la Encarnación, Cañabota"
English,Sevilla,Authentic Tapas Crawl,7,"Bodega Santa Cruz (Las Columnas), Eslava, El Rinconcillo, Casa Morales, Las Teresas, Mercado de la Encarnación, Cañabota"
Turkish,Madrid,Kraliyet Madrid İkonları,6,"Palacio Real, Plaza Mayor, Puerta del Sol, Gran Vía, Plaza de Cibeles, Templo de Debod"
English,Madrid,Imperial Madrid Landmarks,6,"Palacio Real, Plaza Mayor, Puerta del Sol, Gran Vía, Plaza de Cibeles, Templo de Debod"
Turkish,Madrid,Sanat Üçgeni Başyapıtları,6,"Prado Müzesi, Reina Sofía Müzesi, Thyssen-Bornemisza, Retiro Parkı, CaixaForum, Atocha"
English,Madrid,Art Triangle Masterpieces,6,"Prado Müzesi, Reina Sofía Müzesi, Thyssen-Bornemisza, Retiro Parkı, CaixaForum, Atocha"
Turkish,Madrid,Kraliyet & Tarihi Madrid,6,"Palacio Real, Jardines de Sabatini, Plaza de la Villa, Teatro Real, Plaza de España, Templo de Debod"
English,Madrid,Royal & Historic Madrid,6,"Palacio Real, Jardines de Sabatini, Plaza de la Villa, Teatro Real, Plaza de España, Templo de Debod"
Turkish,Madrid,Retiro Parkı & Şehir İkonları,6,"Retiro Parkı, Puerta de Alcalá, Plaza de Cibeles, Gran Vía, Círculo de Bellas Artes, Edificio Metrópolis"
English,Madrid,Retiro Park & City Icons,6,"Retiro Parkı, Puerta de Alcalá, Plaza de Cibeles, Gran Vía, Círculo de Bellas Artes, Edificio Metrópolis"
Turkish,Madrid,Eski Madrid'in Tapas Lezzetleri,7,"Mercado de San Miguel, La Latina, El Rastro, Chocolatería San Ginés, Casa Labra, Sobrino de Botín, Casa Lucio"
English,Madrid,Tapas & Flavours of Old Madrid,7,"Mercado de San Miguel, La Latina, El Rastro, Chocolatería San Ginés, Casa Labra, Sobrino de Botín, Casa Lucio"
Turkish,Florence,Rönesans Başyapıtları,4,"Duomo (Santa Maria del Fiore), Uffizi Galerisi, Accademia Galerisi, Palazzo Vecchio"
English,Florence,Renaissance Masterpieces,4,"Duomo (Santa Maria del Fiore), Uffizi Galerisi, Accademia Galerisi, Palazzo Vecchio"
Turkish,Florence,Oltrarno Keşfi,5,"Ponte Vecchio, Palazzo Pitti, Boboli Bahçeleri, Piazzale Michelangelo, San Miniato al Monte"
English,Florence,Oltrarno Discovery,5,"Ponte Vecchio, Palazzo Pitti, Boboli Bahçeleri, Piazzale Michelangelo, San Miniato al Monte"
Turkish,Florence,Lokal Lezzet & Pazarlar,4,"Mercato Centrale, Mercato di Sant'Ambrogio, Vivoli, San Lorenzo Pazarı"
English,Florence,Local Flavor & Markets,4,"Mercato Centrale, Mercato di Sant'Ambrogio, Vivoli, San Lorenzo Pazarı"
Turkish,Florence,Kutsal Floransa,4,"Santa Maria Novella, Santa Croce Bazilikası, Museo San Marco, Cappelle Medicee"
English,Florence,Sacred Florence,4,"Santa Maria Novella, Santa Croce Bazilikası, Museo San Marco, Cappelle Medicee"
Turkish,Athens,Antik İhtişam,4,"Akropolis, Parthenon, Akropolis Müzesi, Odeon of Herodes Atticus"
English,Athens,Ancient Glory,4,"Akropolis, Parthenon, Akropolis Müzesi, Odeon of Herodes Atticus"
Turkish,Athens,Tarihi Mahalleler,4,"Plaka, Anafiotika, Monastiraki, Hadrian's Library"
English,Athens,Historic Neighborhoods,4,"Plaka, Anafiotika, Monastiraki, Hadrian's Library"
Turkish,Athens,Agoralar & Antik Pazarlar,4,"Antik Agora, Hephaistos Tapınağı, Roman Agora, Areopagus Hill (Mars Hill)"
English,Athens,Agoras & Ancient Markets,4,"Antik Agora, Hephaistos Tapınağı, Roman Agora, Areopagus Hill (Mars Hill)"
Turkish,Athens,Tepeler & Manzaralar,3,"Lykavittos Tepesi, Filopappos Tepesi, Syntagma Meydanı"
English,Athens,Heights & Views,3,"Lykavittos Tepesi, Filopappos Tepesi, Syntagma Meydanı"
Turkish,Dubai,Dubai İkonları,5,"Burj Khalifa, Dubai Mall, Dubai Fountain, Dubai Opera, Souk Al Bahar"
English,Dubai,Dubai Icons & Superlatives,5,"Burj Khalifa, Dubai Mall, Dubai Fountain, Dubai Opera, Souk Al Bahar"
Turkish,Dubai,Eski Dubai Mirası,6,"Old Dubai - Deira, Gold Souk, Spice Souk, Dubai Creek, Al Fahidi Historical District, Al Seef"
English,Dubai,Old Dubai Heritage Walk,6,"Old Dubai - Deira, Gold Souk, Spice Souk, Dubai Creek, Al Fahidi Historical District, Al Seef"
Turkish,Dubai,Plaj & Marina Hayatı,5,"JBR Beach, Dubai Marina, La Mer, Aura Skypool, The View at The Palm"
English,Dubai,Beach & Marina Life,5,"JBR Beach, Dubai Marina, La Mer, Aura Skypool, The View at The Palm"
Turkish,Dubai,Lüks & Gösteriş,5,"Burj Al Arab, Palm Jumeirah, Atlantis Aquaventure, Madinat Jumeirah, The View at The Palm"
English,Dubai,Luxury & Extravagance,5,"Burj Al Arab, Palm Jumeirah, Atlantis Aquaventure, Madinat Jumeirah, The View at The Palm"
Turkish,Dubai,Gelecek & İnovasyon,5,"Museum of the Future, Dubai Frame, Deep Dive Dubai, Ski Dubai, IMG Worlds of Adventure"
English,Dubai,Future & Innovation,5,"Museum of the Future, Dubai Frame, Deep Dive Dubai, Ski Dubai, IMG Worlds of Adventure"
Turkish,Dubai,Çöl Safari Macerası,5,"Dubai Desert Conservation Reserve, Dune Bashing & Camel Rides, Global Village, Miracle Garden, Dragon Mart"
English,Dubai,Desert Safari Adventure,5,"Dubai Desert Conservation Reserve, Dune Bashing & Camel Rides, Global Village, Miracle Garden, Dragon Mart"
Turkish,Lisbon,Lizbon Klasikleri,5,"Belém Kulesi, Jerónimos Manastırı, Padrão dos Descobrimentos, Pastéis de Belém, Tramvay 28"
English,Lisbon,Lisbon Essential Icons,5,"Belém Kulesi, Jerónimos Manastırı, Padrão dos Descobrimentos, Pastéis de Belém, Tramvay 28"
Turkish,Lisbon,Alfama Ruhu & Fado,5,"Alfama, Castelo de São Jorge, Miradouro da Senhora do Monte, Miradouro da Graça, Feira da Ladra"
English,Lisbon,Alfama Soul & Fado,5,"Alfama, Castelo de São Jorge, Miradouro da Senhora do Monte, Miradouro da Graça, Feira da Ladra"
Turkish,Lisbon,Manzara Noktaları,5,"Miradouro da Senhora do Monte, Miradouro da Graça, Elevador de Santa Justa, Ponte 25 de Abril, Basílica da Estrela"
English,Lisbon,Miradouros & Views,5,"Miradouro da Senhora do Monte, Miradouro da Graça, Elevador de Santa Justa, Ponte 25 de Abril, Basílica da Estrela"
Turkish,Lisbon,Pastéis & Petiscos Turu,5,"Pastéis de Belém, Time Out Market, Mercado da Ribeira, Cervejaria Ramiro, Ginjinha"
English,Lisbon,Pastéis & Petiscos Trail,5,"Pastéis de Belém, Time Out Market, Mercado da Ribeira, Cervejaria Ramiro, Ginjinha"
Turkish,Lisbon,LX Factory & Trend Noktalar,5,"LX Factory, Príncipe Real, Bairro Alto, Pink Street, MAAT"
English,Lisbon,LX Factory & Cool Spots,5,"LX Factory, Príncipe Real, Bairro Alto, Pink Street, MAAT"
Turkish,Lisbon,Azulejo Sanat Yolculuğu,5,"Museu Nacional do Azulejo, Alfama, Convento do Carmo, Casa do Alentejo, Chiado"
English,Lisbon,Azulejo Art Journey,5,"Museu Nacional do Azulejo, Alfama, Convento do Carmo, Casa do Alentejo, Chiado"
Turkish,Prague,Prag Kalesi & Eski Şehir,6,"Prague Castle, St. Vitus Cathedral, Golden Lane, Charles Bridge, Old Town Square, Astronomical Clock"
English,Prague,Prague Castle & Old Town,6,"Prague Castle, St. Vitus Cathedral, Golden Lane, Charles Bridge, Old Town Square, Astronomical Clock"
Turkish,Prague,Yahudi Mahallesi & Tarih,4,"Jewish Quarter (Josefov), Franz Kafka Museum, Old Town Square, Tyn Church"
English,Prague,Jewish Quarter & History,4,"Jewish Quarter (Josefov), Franz Kafka Museum, Old Town Square, Tyn Church"
Turkish,Prague,Çek Bira Haccı,4,"U Fleků, Lokál Dlouhááá, Kantýna, Havelska Koruna"
English,Prague,Czech Beer Pilgrimage,4,"U Fleků, Lokál Dlouhááá, Kantýna, Havelska Koruna"
Turkish,Prague,Tarihi Kafeler & Kültür,5,"Cafe Louvre, Cafe Savoy, Kavárna Slavia, National Gallery, Dancing House"
English,Prague,Historic Cafés & Culture,5,"Cafe Louvre, Cafe Savoy, Kavárna Slavia, National Gallery, Dancing House"
Turkish,Prague,Gece Prag,4,"Hemingway Bar, Old Town Square, Charles Bridge, Venceslas Square"
English,Prague,Prague After Dark,4,"Hemingway Bar, Old Town Square, Charles Bridge, Venceslas Square"
Turkish,Prague,Panoramik Prag,4,"Petrin Hill, Vyšehrad, Charles Bridge, Prague Castle"
English,Prague,Panoramic Prague,4,"Petrin Hill, Vyšehrad, Charles Bridge, Prague Castle"
Turkish,Vienna,İmparatorluk Viyana'sı,5,"Schönbrunn Palace, Hofburg, Vienna State Opera, Rathaus, Graben"
English,Vienna,Imperial Vienna,5,"Schönbrunn Palace, Hofburg, Vienna State Opera, Rathaus, Graben"
Turkish,Vienna,Sanat & Müzeler Rotası,4,"Belvedere Museum, Kunsthistorisches Museum, Albertina, Mozarthaus Vienna"
English,Vienna,Art & Museums Mile,4,"Belvedere Museum, Kunsthistorisches Museum, Albertina, Mozarthaus Vienna"
Turkish,Vienna,Viyana Kahve Evi Turu,5,"Cafe Central, Cafe Sacher, Cafe Sperl, Demel, Chiado"
English,Vienna,Viennese Coffee House Tour,5,"Cafe Central, Cafe Sacher, Cafe Sperl, Demel, Chiado"
Turkish,Vienna,Klasik Müzik Mirası,5,"Musikverein, Vienna State Opera, Mozarthaus Vienna, St. Stephen's Cathedral, Stadtpark"
English,Vienna,Classical Music Heritage,5,"Musikverein, Vienna State Opera, Mozarthaus Vienna, St. Stephen's Cathedral, Stadtpark"
Turkish,Vienna,Şnitzel & Naschmarkt,5,"Naschmarkt, Figlmüller, Plachutta, Zum Schwarzen Kameel, Steirereck"
English,Vienna,Schnitzel & Naschmarkt,5,"Naschmarkt, Figlmüller, Plachutta, Zum Schwarzen Kameel, Steirereck"
Turkish,Vienna,Yeşil Viyana & Prater,4,"Prater Park, Stadtpark, Volksgarten, Schönbrunn Palace"
English,Vienna,Green Vienna & Prater,4,"Prater Park, Stadtpark, Volksgarten, Schönbrunn Palace"
Turkish,Porto,Porto Klasikleri,5,"Ribeira, Dom Luís I Köprüsü, São Bento Tren İstasyonu, Clérigos Kulesi, Sé do Porto (Katedral)"
English,Porto,Porto Essentials,5,"Ribeira, Dom Luís I Köprüsü, São Bento Tren İstasyonu, Clérigos Kulesi, Sé do Porto (Katedral)"
Turkish,Porto,Port Şarabı Mahzenleri,4,"Vila Nova de Gaia - Port Mahzenleri, Teleferico de Gaia, WOW (World of Wine), Dom Luís I Köprüsü"
English,Porto,Port Wine Cellars,4,"Vila Nova de Gaia - Port Mahzenleri, Teleferico de Gaia, WOW (World of Wine), Dom Luís I Köprüsü"
Turkish,Porto,Francesinha & Yerel Tatlar,5,"Café Santiago, Mercado do Bolhão, Manteigaria, Cais da Ribeira, Matosinhos"
English,Porto,Francesinha & Local Bites,5,"Café Santiago, Mercado do Bolhão, Manteigaria, Cais da Ribeira, Matosinhos"
Turkish,Porto,Azulejo & Sokak Sanatı,5,"Capela das Almas, Livraria Lello, Igreja do Carmo & Carmelitas, Street Art Porto, Rua das Flores"
English,Porto,Azulejos & Street Art,5,"Capela das Almas, Livraria Lello, Igreja do Carmo & Carmelitas, Street Art Porto, Rua das Flores"
Turkish,Porto,Manzara & Günbatımı,4,"Jardins do Palácio de Cristal, Miradouro da Vitória, Dom Luís I Köprüsü, Foz do Douro"
English,Porto,Miradouros & Sunsets,4,"Jardins do Palácio de Cristal, Miradouro da Vitória, Dom Luís I Köprüsü, Foz do Douro"
Turkish,Porto,Atlantik Sahili & Foz,4,"Foz do Douro, Matosinhos, Praia do Carneiro, Jardins do Palácio de Cristal"
English,Porto,Atlantic Coast & Foz,4,"Foz do Douro, Matosinhos, Praia do Carneiro, Jardins do Palácio de Cristal"
Turkish,Budapest,Buda Kalesi & Tarihi Tepeler,5,"Buda Kalesi, Balıkçı Kalesi, Matthias Kilisesi, Gellért Tepesi, Zincir Köprüsü"
English,Budapest,Buda Castle & Historic Hills,5,"Buda Kalesi, Balıkçı Kalesi, Matthias Kilisesi, Gellért Tepesi, Zincir Köprüsü"
Turkish,Budapest,Termal Hamam Turu,4,"Széchenyi Termal Hamamı, Gellért Hamamı, Rudas Hamamı, Vajdahunyad Kalesi"
English,Budapest,Thermal Baths Journey,4,"Széchenyi Termal Hamamı, Gellért Hamamı, Rudas Hamamı, Vajdahunyad Kalesi"
Turkish,Budapest,Harabe Barlar & Yahudi Mahallesi,4,"Szimpla Kert, Instant-Fogas Complex, Dohány Synagogu, Gettó Gulyás"
English,Budapest,Ruin Bars & Jewish Quarter,4,"Szimpla Kert, Instant-Fogas Complex, Dohány Synagogu, Gettó Gulyás"
Turkish,Budapest,Macar Lezzetleri,4,"Merkez Pazar, Gettó Gulyás, Retró Lángos Büfé, New York Café"
English,Budapest,Hungarian Flavors,4,"Merkez Pazar, Gettó Gulyás, Retró Lángos Büfé, New York Café"
Turkish,Budapest,Tuna Sahili Yürüyüşü,5,"Parlamento, Shoes on the Danube, Zincir Köprüsü, Tuna Nehir Gezisi, Margaret Island (Margitsziget)"
English,Budapest,Danube Promenade,5,"Parlamento, Shoes on the Danube, Zincir Köprüsü, Tuna Nehir Gezisi, Margaret Island (Margitsziget)"
Turkish,Budapest,Karanlık Tarih & Anıtlar,4,"House of Terror, Hospital in the Rock, Memento Park, Dohány Synagogu"
English,Budapest,Dark History & Memorials,4,"House of Terror, Hospital in the Rock, Memento Park, Dohány Synagogu"
Turkish,Bangkok,Tapınak & Saray İhtişamı,5,"Grand Palace, Wat Pho, Wat Arun, Wat Saket (Golden Mount), Wat Traimit (Golden Buddha)"
English,Bangkok,Temple & Palace Grandeur,5,"Grand Palace, Wat Pho, Wat Arun, Wat Saket (Golden Mount), Wat Traimit (Golden Buddha)"
Turkish,Bangkok,Sokak Yemekleri Safarisi,4,"Chinatown (Yaowarat), Jodd Fairs, Pak Khlong Talat, Chatuchak Pazarı"
English,Bangkok,Street Food Safari,4,"Chinatown (Yaowarat), Jodd Fairs, Pak Khlong Talat, Chatuchak Pazarı"
Turkish,Bangkok,Chao Phraya Nehir Hayatı,4,"Chao Phraya Nehri Teknesi, Floating Market, Wat Arun, Asiatique The Riverfront"
English,Bangkok,Chao Phraya River Life,4,"Chao Phraya Nehri Teknesi, Floating Market, Wat Arun, Asiatique The Riverfront"
Turkish,Bangkok,Gece Bangkok,4,"Rooftop Barlar, Khao San Road, Soi Cowboy, Mahanakhon SkyWalk"
English,Bangkok,Bangkok After Dark,4,"Rooftop Barlar, Khao San Road, Soi Cowboy, Mahanakhon SkyWalk"
Turkish,Bangkok,Alışveriş Cenneti,5,"Chatuchak Pazarı, MBK Center, Terminal 21 Asok, ICONSIAM, Siam Paragon"
English,Bangkok,Shopping Paradise,5,"Chatuchak Pazarı, MBK Center, Terminal 21 Asok, ICONSIAM, Siam Paragon"
Turkish,Bangkok,Tai Masajı & Wellness,4,"Thai Masaj, Wat Pho, Lumpini Park, Wat Benchamabophit"
English,Bangkok,Thai Massage & Wellness,4,"Thai Masaj, Wat Pho, Lumpini Park, Wat Benchamabophit"
Turkish,Singapore,Singapur İkonları,7,"Gardens by the Bay, Marina Bay Sands, Merlion Park, Helix Bridge, ArtScience Museum, Spectra Light Show, Supertree Grove"
English,Singapore,Singapore Iconic Landmarks,7,"Gardens by the Bay, Marina Bay Sands, Merlion Park, Helix Bridge, ArtScience Museum, Spectra Light Show, Supertree Grove"
Turkish,Singapore,Hawker Yemek Macerası,5,"Lau Pa Sat Hawker Centre, Maxwell Food Centre, Chinatown Complex Food Centre, Old Airport Road Food Centre, Ya Kun Kaya Toast (Amoy St)"
English,Singapore,Hawker Food Adventure,5,"Lau Pa Sat Hawker Centre, Maxwell Food Centre, Chinatown Complex Food Centre, Old Airport Road Food Centre, Ya Kun Kaya Toast (Amoy St)"
Turkish,Singapore,Kültürel Mahalleler,7,"Chinatown, Little India, Haji Lane, Sultan Mosque, Buddha Tooth Relic Temple, Sri Mariamman Temple, Arab Street"
English,Singapore,Cultural Neighborhoods,7,"Chinatown, Little India, Haji Lane, Sultan Mosque, Buddha Tooth Relic Temple, Sri Mariamman Temple, Arab Street"
Turkish,Singapore,Yeşil Singapur,5,"Singapore Botanic Gardens, Gardens by the Bay, MacRitchie Reservoir, Fort Canning Park, Sungei Buloh Wetland Reserve"
English,Singapore,Green Singapore,5,"Singapore Botanic Gardens, Gardens by the Bay, MacRitchie Reservoir, Fort Canning Park, Sungei Buloh Wetland Reserve"
Turkish,Singapore,Sentosa Adası Eğlencesi,6,"Sentosa Island, Universal Studios Singapore, S.E.A. Aquarium, Skyline Luge Sentosa, Siloso Beach, Wings of Time Show"
English,Singapore,Sentosa Island Fun,6,"Sentosa Island, Universal Studios Singapore, S.E.A. Aquarium, Skyline Luge Sentosa, Siloso Beach, Wings of Time Show"
Turkish,Singapore,Gece Singapur,4,"Gardens by the Bay, Marina Bay Sands, Clarke Quay, Night Safari"
English,Singapore,Singapore After Dark,4,"Gardens by the Bay, Marina Bay Sands, Clarke Quay, Night Safari"
Turkish,Copenhagen,Kopenhag Klasikleri,5,"Nyhavn, Tivoli Bahçeleri, Küçük Deniz Kızı, Amalienborg Sarayı, Strøget"
English,Copenhagen,Copenhagen Essentials,5,"Nyhavn, Tivoli Bahçeleri, Küçük Deniz Kızı, Amalienborg Sarayı, Strøget"
Turkish,Copenhagen,Danimarka Tasarımı & Mimarisi,5,"Designmuseum Danmark, Hay House, Illums Bolighus, CopenHill (Amager Bakke), Superkilen Parkı"
English,Copenhagen,Danish Design & Architecture,5,"Designmuseum Danmark, Hay House, Illums Bolighus, CopenHill (Amager Bakke), Superkilen Parkı"
Turkish,Copenhagen,Hygge & Kahve Kültürü,5,"The Coffee Collective, Democratic Coffee, Atelier September, Andersen Bakery, Hart Bageri"
English,Copenhagen,Hygge & Coffee Culture,5,"The Coffee Collective, Democratic Coffee, Atelier September, Andersen Bakery, Hart Bageri"
Turkish,Copenhagen,Yeni İskandinav Mutfağı,5,"Torvehallerne, Reffen Street Food, Gasoline Grill, Hija de Sanchez, WarPigs"
English,Copenhagen,New Nordic Cuisine,5,"Torvehallerne, Reffen Street Food, Gasoline Grill, Hija de Sanchez, WarPigs"
Turkish,Copenhagen,Kraliyet Kopenhag,5,"Amalienborg Sarayı, Rosenborg Kalesi, Christiansborg Sarayı, Mermer Kilise (Frederiks Kirke), Kastellet"
English,Copenhagen,Royal Copenhagen,5,"Amalienborg Sarayı, Rosenborg Kalesi, Christiansborg Sarayı, Mermer Kilise (Frederiks Kirke), Kastellet"
Turkish,Copenhagen,Alternatif Kopenhag,4,"Freetown Christiania, Superkilen Parkı, Reffen Street Food, CopenHill (Amager Bakke)"
English,Copenhagen,Alternative Copenhagen,4,"Freetown Christiania, Superkilen Parkı, Reffen Street Food, CopenHill (Amager Bakke)"
Turkish,Marrakech,Medina & Çarşı Labirenti,5,"Jemaa el-Fna, Souk Semmarine, Rahba Kedima Square (Spice Square), Tanneries, Ben Youssef Medersa"
English,Marrakech,Medina & Souks Maze,5,"Jemaa el-Fna, Souk Semmarine, Rahba Kedima Square (Spice Square), Tanneries, Ben Youssef Medersa"
Turkish,Marrakech,Saraylar & Bahçeler,5,"Bahia Sarayı, Majorelle Bahçesi, Musée Yves Saint Laurent, Secret Garden, Menara Gardens"
English,Marrakech,Palaces & Gardens,5,"Bahia Sarayı, Majorelle Bahçesi, Musée Yves Saint Laurent, Secret Garden, Menara Gardens"
Turkish,Marrakech,Fas Lezzetleri,5,"Al Fassia, Cafés des Épices, Rooftop Kafeler, Cooking Class, Jemaa el-Fna"
English,Marrakech,Moroccan Flavors,5,"Al Fassia, Cafés des Épices, Rooftop Kafeler, Cooking Class, Jemaa el-Fna"
Turkish,Marrakech,Tarihi Anıtlar,5,"Koutoubia Camii, Saadian Tombs, Ben Youssef Medersa, Dar el Bacha (Musée des Confluences), El Badi Palace"
English,Marrakech,Historic Monuments,5,"Koutoubia Camii, Saadian Tombs, Ben Youssef Medersa, Dar el Bacha (Musée des Confluences), El Badi Palace"
Turkish,Marrakech,Hamam & Wellness,5,"Les Bains de Marrakech, El Fenn, Heritage Spa, La Mamounia Garden Spa, Hammam de la Rose"
English,Marrakech,Hammam & Wellness,5,"Les Bains de Marrakech, El Fenn, Heritage Spa, La Mamounia Garden Spa, Hammam de la Rose"
Turkish,Marrakech,Çöl & Dağlar,4,"Agafay Çölü, Atlas Dağları Günübirlik, Essaouira Günübirlik, Ouzoud Waterfalls"
English,Marrakech,Desert & Mountains,4,"Agafay Çölü, Atlas Dağları Günübirlik, Essaouira Günübirlik, Ouzoud Waterfalls"
Turkish,Naples,Napoli Klasikleri,5,"Spaccanapoli, Napoli Sotterranea, Castel dell'Ovo, Piazza del Plebiscito, Castel Nuovo"
English,Naples,Naples Essentials,5,"Spaccanapoli, Napoli Sotterranea, Castel dell'Ovo, Piazza del Plebiscito, Castel Nuovo"
Turkish,Naples,Pizza Hacıları,4,"Pizzeria Da Michele, Gino Sorbillo Pizzeria, Pintauro, Passione di Sofi"
English,Naples,The Pizza Pilgrimage,4,"Pizzeria Da Michele, Gino Sorbillo Pizzeria, Pintauro, Passione di Sofi"
Turkish,Naples,Maradona & İspanyol Mahallesi,3,"Quartieri Spagnoli, Maradona Mural, Via Toledo"
English,Naples,Maradona & Spanish Quarter,3,"Quartieri Spagnoli, Maradona Mural, Via Toledo"
Turkish,Naples,Pompei & Vezüv (Günübirlik),3,"Pompei, Mount Vesuvius, Herculaneum"
English,Naples,Pompeii & Vesuvius (Day Trip),3,"Pompei, Mount Vesuvius, Herculaneum"
Turkish,Naples,Körfez Manzaraları,4,"Castel Sant'Elmo, Certosa di San Martino, Lungomare Caracciolo, Posillipo"
English,Naples,Views of the Gulf,4,"Castel Sant'Elmo, Certosa di San Martino, Lungomare Caracciolo, Posillipo"
Turkish,Naples,Amalfi & Capri (Günübirlik),4,"Amalfi Coast, Capri, Positano, Sorrento"
English,Naples,Amalfi & Capri (Day Trip),4,"Amalfi Coast, Capri, Positano, Sorrento"
Turkish,Milan,Milano İkonları & Duomo,5,"Duomo di Milano, Galleria Vittorio Emanuele II, La Scala, Castello Sforzesco, Museo del Novecento"
English,Milan,Milan Icons & Duomo,5,"Duomo di Milano, Galleria Vittorio Emanuele II, La Scala, Castello Sforzesco, Museo del Novecento"
Turkish,Milan,Da Vinci & Güzel Sanatlar,4,"Son Akşam Yemeği (L'Ultima Cena), Pinacoteca di Brera, Basilica di Sant'Ambrogio, Chiesa di San Maurizio"
English,Milan,Da Vinci & Fine Art,4,"Son Akşam Yemeği (L'Ultima Cena), Pinacoteca di Brera, Basilica di Sant'Ambrogio, Chiesa di San Maurizio"
Turkish,Milan,Moda & Lüks,4,"Quadrilatero della Moda, Galleria Vittorio Emanuele II, La Rinascente, Corso Como"
English,Milan,Fashion & Luxury,4,"Quadrilatero della Moda, Galleria Vittorio Emanuele II, La Rinascente, Corso Como"
Turkish,Milan,Navigli & Gece Hayatı,4,"Navigli, Darsena, Mercato Metropolitano, Porta Ticinese"
English,Milan,Navigli & Nightlife,4,"Navigli, Darsena, Mercato Metropolitano, Porta Ticinese"
Turkish,Milan,Modern Milano,4,"Bosco Verticale, Porta Nuova, Piazza Gae Aulenti, Fondazione Prada (Bar Luce)"
English,Milan,Modern Milan,4,"Bosco Verticale, Porta Nuova, Piazza Gae Aulenti, Fondazione Prada (Bar Luce)"
Turkish,Milan,Milano Lezzetleri,4,"Luini, Pasticceria Marchesi, Eataly Milano Smeraldo, Terrazza Aperol"
English,Milan,Milanese Flavors,4,"Luini, Pasticceria Marchesi, Eataly Milano Smeraldo, Terrazza Aperol"
Turkish,Venice,Venedik Klasikleri,5,"San Marco Meydanı, San Marco Bazilikası, Rialto Köprüsü, Dükler Sarayı (Palazzo Ducale), İç Çekiş Köprüsü"
English,Venice,Venice Essentials,5,"San Marco Meydanı, San Marco Bazilikası, Rialto Köprüsü, Dükler Sarayı (Palazzo Ducale), İç Çekiş Köprüsü"
Turkish,Venice,Murano & Burano Adaları,3,"Murano Adası, Burano Adası, Torcello Adası"
English,Venice,Murano & Burano Islands,3,"Murano Adası, Burano Adası, Torcello Adası"
Turkish,Venice,Romantik Venedik,4,"Gondol Turu, Caffè Florian, Accademia Köprüsü, Santa Maria della Salute"
English,Venice,Romantic Venice,4,"Gondol Turu, Caffè Florian, Accademia Köprüsü, Santa Maria della Salute"
Turkish,Venice,Sanat & Hazineler,4,"Gallerie dell'Accademia, Peggy Guggenheim Koleksiyonu, Teatro La Fenice, Scuola Grande di San Rocco"
English,Venice,Art & Treasures,4,"Gallerie dell'Accademia, Peggy Guggenheim Koleksiyonu, Teatro La Fenice, Scuola Grande di San Rocco"
Turkish,Venice,Gizli Venedik,5,"Libreria Acqua Alta, Cannaregio, Yahudi Getto, Scala Contarini del Bovolo, Dorsoduro"
English,Venice,Hidden Venice,5,"Libreria Acqua Alta, Cannaregio, Yahudi Getto, Scala Contarini del Bovolo, Dorsoduro"
Turkish,Venice,Cicchetti & Şarap,3,"Rialto Pazarı, Cicchetti & Bàcari, Campo Santa Margherita"
English,Venice,Cicchetti & Wine,3,"Rialto Pazarı, Cicchetti & Bàcari, Campo Santa Margherita"
Turkish,Zurich,Zürih Klasikleri,5,"Grossmünster, Fraumünster, Cabaret Voltaire (Dada House), Café & Conditorei 1842, Lindenhof"
English,Zurich,Zurich Essentials,5,"Grossmünster, Fraumünster, Cabaret Voltaire (Dada House), Café & Conditorei 1842, Lindenhof"
Turkish,Zurich,Lüks & Çikolata,5,"Bahnhofstrasse, Lindt Home of Chocolate, Confiserie Sprüngli, Paradeplatz, Zeughauskeller"
English,Zurich,Luxury & Chocolate,5,"Bahnhofstrasse, Lindt Home of Chocolate, Confiserie Sprüngli, Paradeplatz, Zeughauskeller"
Turkish,Zurich,Modern Batı Zürih,5,"Im Viadukt, Frau Gerolds Garten, Gerold Cuchi (Umbrella Street), Freitag Flagship Store, Markthalle"
English,Zurich,Urban & Trendy West,5,"Im Viadukt, Frau Gerolds Garten, Gerold Cuchi (Umbrella Street), Freitag Flagship Store, Markthalle"
Turkish,Zurich,Sanat & Kültür,5,"Kunsthaus Zürich, Swiss National Museum, Zürich Opera House, Pavillon Le Corbusier, Rietberg Museum"
English,Zurich,Art & Culture,5,"Kunsthaus Zürich, Swiss National Museum, Zürich Opera House, Pavillon Le Corbusier, Rietberg Museum"
Turkish,Zurich,Göl & Dağ,5,"Lake Zurich Promenade, Bürkliplatz, Uetliberg Mountain, China Garden, Seebad Enge"
English,Zurich,Lake & Mountain,5,"Lake Zurich Promenade, Bürkliplatz, Uetliberg Mountain, China Garden, Seebad Enge"
Turkish,Zurich,Futbol Tarihi,3,"FIFA World Football Museum, Sportsbar 1904, Enge"
English,Zurich,Football History,3,"FIFA World Football Museum, Sportsbar 1904, Enge"
Turkish,Geneva,Barışın Başkenti,5,"Palais des Nations, Ariana Park, Red Cross Museum, Broken Chair, Café du Soleil"
English,Geneva,Capital of Peace,5,"Palais des Nations, Ariana Park, Red Cross Museum, Broken Chair, Café du Soleil"
Turkish,Geneva,Bilim & İnovasyon,5,"CERN Globe, Microcosm, Tram 18 Experience, Meyrin Centre, Bois de la Bâtie"
English,Geneva,Science & Innovation,5,"CERN Globe, Microcosm, Tram 18 Experience, Meyrin Centre, Bois de la Bâtie"
Turkish,Geneva,Eski & Yeni Cenevre,5,"Jet d'Eau, Jardin Anglais, St. Pierre Cathedral, Maison Tavel, Restaurant Les Armures"
English,Geneva,Geneva Old & New,5,"Jet d'Eau, Jardin Anglais, St. Pierre Cathedral, Maison Tavel, Restaurant Les Armures"
Turkish,Geneva,Saatçilik & Lüks,5,"Patek Philippe Museum, Rue du Rhône, Manor Genève, Confiserie Arn, L'Horloge Fleurie"
English,Geneva,Watchmaking & Luxury,5,"Patek Philippe Museum, Rue du Rhône, Manor Genève, Confiserie Arn, L'Horloge Fleurie"
Turkish,Geneva,Cenevre Gölü Keyfi,5,"Bains des Pâquis, Baby Plage, La Potinière, Perle du Lac, Jardin Botanique"
English,Geneva,Lake Geneva Relax,5,"Bains des Pâquis, Baby Plage, La Potinière, Perle du Lac, Jardin Botanique"
Turkish,Geneva,Bohem Carouge,5,"Place du Marché, Cinéma Bio, Boulangerie Wolfisberg, Rue Saint-Joseph, Carouge Museum"
English,Geneva,Bohemian Carouge,5,"Place du Marché, Cinéma Bio, Boulangerie Wolfisberg, Rue Saint-Joseph, Carouge Museum"
Turkish,Lucerne,Luzern Klasikleri,5,"Kapellbrücke, Water Tower, Rathaus Brauerei, Jesuit Church, Bachmann Bakery"
English,Lucerne,Lucerne Essentials,5,"Kapellbrücke, Water Tower, Rathaus Brauerei, Jesuit Church, Bachmann Bakery"
Turkish,Lucerne,Şehir Surları & Manzara,5,"Museggmauer, Zyt Tower, Männleturm, Restaurant Lapin, Bourbaki Panorama"
English,Lucerne,City Walls & Views,5,"Museggmauer, Zyt Tower, Männleturm, Restaurant Lapin, Bourbaki Panorama"
Turkish,Lucerne,Ulaşım Müzesi & Plaj,5,"Swiss Museum of Transport, Planetarium, Lido Luzern, Verkehrshaus Filmtheatre, Hans Erni Museum"
English,Lucerne,Transport Museum & Beach,5,"Swiss Museum of Transport, Planetarium, Lido Luzern, Verkehrshaus Filmtheatre, Hans Erni Museum"
Turkish,Lucerne,Pilatus Altın Tur,5,"Kriens Gondola, Fräkmüntegg, Pilatus Kulm, Hotel Pilatus-Kulm Restaurant, Alpnachstad"
English,Lucerne,Pilatus Golden Round,5,"Kriens Gondola, Fräkmüntegg, Pilatus Kulm, Hotel Pilatus-Kulm Restaurant, Alpnachstad"
Turkish,Lucerne,Göl Kültürü & Kafe,5,"KKL Luzern, Inseli Park, World Café, Rosengart Collection, Lake Promenade"
English,Lucerne,Lake Culture & Cafe,5,"KKL Luzern, Inseli Park, World Café, Rosengart Collection, Lake Promenade"
Turkish,Lucerne,Sanat & Müzik Yürüyüşü,5,"Rosengart Collection, Richard Wagner Museum, KKL Foyer, Bourbaki Panorama, Alpineum"
English,Lucerne,Art & Music Walk,5,"Rosengart Collection, Richard Wagner Museum, KKL Foyer, Bourbaki Panorama, Alpineum"
Turkish,Stockholm,Stockholm Eski Şehir,5,"Gamla Stan, Stockholm Sarayı, Stortorget, Nobel Ödülü Müzesi, Riddarholmen Kilisesi"
English,Stockholm,Stockholm Old Town,5,"Gamla Stan, Stockholm Sarayı, Stortorget, Nobel Ödülü Müzesi, Riddarholmen Kilisesi"
Turkish,Stockholm,Djurgården Müzeleri,4,"Vasa Müzesi, Skansen Açık Hava Müzesi, Abba The Museum, Nordiska Müzesi"
English,Stockholm,Djurgården Museums,4,"Vasa Müzesi, Skansen Açık Hava Müzesi, Abba The Museum, Nordiska Müzesi"
Turkish,Stockholm,Metro Sanat Galerisi,4,"T-Centralen Metro İstasyonu, Solna Centrum Metro İstasyonu, Kungsträdgården Metro İstasyonu, Stadion Metro İstasyonu"
English,Stockholm,Metro Art Gallery,4,"T-Centralen Metro İstasyonu, Solna Centrum Metro İstasyonu, Kungsträdgården Metro İstasyonu, Stadion Metro İstasyonu"
Turkish,Stockholm,Manzara & Fotoğraf,5,"Stockholm City Hall (Stadshuset), Fotografiska Museum, Monteliusvägen Panoramic Path, Fjällgatan Lookout, Skinnarviksberget"
English,Stockholm,Views & Photography,5,"Stockholm City Hall (Stadshuset), Fotografiska Museum, Monteliusvägen Panoramic Path, Fjällgatan Lookout, Skinnarviksberget"
Turkish,Stockholm,Takimada Macerası,5,"Stockholm Archipelago Boat Tour, Fjäderholmarna Islands, Vaxholm Fortress, Grinda Island, Sandhamn"
English,Stockholm,Archipelago Adventure,5,"Stockholm Archipelago Boat Tour, Fjäderholmarna Islands, Vaxholm Fortress, Grinda Island, Sandhamn"
Turkish,Stockholm,Kraliyet Drottningholm,5,"Drottningholm Palace, Chinese Pavilion, Drottningholm Court Theatre, Royal Palace Gardens, Kina Slott"
English,Stockholm,Royal Drottningholm,5,"Drottningholm Palace, Chinese Pavilion, Drottningholm Court Theatre, Royal Palace Gardens, Kina Slott"
Turkish,HongKong,HK Silueti & Zirve,5,"Victoria Peak, Star Ferry, Avenue of Stars, Symphony of Lights, Sky100"
English,HongKong,HK Skyline & Peak,5,"Victoria Peak, Star Ferry, Avenue of Stars, Symphony of Lights, Sky100"
Turkish,HongKong,Tapınaklar & Gelenek,5,"Man Mo Temple, Wong Tai Sin Temple, Chi Lin Nunnery, Nan Lian Garden, Ten Thousand Buddhas Monastery"
English,HongKong,Temples & Tradition,5,"Man Mo Temple, Wong Tai Sin Temple, Chi Lin Nunnery, Nan Lian Garden, Ten Thousand Buddhas Monastery"
Turkish,HongKong,Şehir Ormanı & Pazarlar,5,"Mong Kok (Ladies Market), Temple Street Night Market, Central-Mid-Levels Escalator, Choi Hung Estate, Sneaker Street"
English,HongKong,Urban Jungle & Markets,5,"Mong Kok (Ladies Market), Temple Street Night Market, Central-Mid-Levels Escalator, Choi Hung Estate, Sneaker Street"
Turkish,HongKong,Büyük Buda & Lantau,5,"Tian Tan Big Buddha, Po Lin Monastery, Ngong Ping 360 Cable Car, Tai O Fishing Village, Wisdom Path"
English,HongKong,Big Buddha & Lantau,5,"Tian Tan Big Buddha, Po Lin Monastery, Ngong Ping 360 Cable Car, Tai O Fishing Village, Wisdom Path"
Turkish,HongKong,Dim Sum & Lezzetler,5,"Tim Ho Wan (Sham Shui Po), Kam's Roast Goose, Lan Fong Yuen (Milk Tea), Tai Cheong Bakery, Yat Lok Roast Goose"
English,HongKong,Dim Sum & Delights,5,"Tim Ho Wan (Sham Shui Po), Kam's Roast Goose, Lan Fong Yuen (Milk Tea), Tai Cheong Bakery, Yat Lok Roast Goose"
Turkish,HongKong,Tramvay & Feribot Nostaljisi,5,"Hong Kong Tramway (Ding Ding), Star Ferry (Tsim Sha Tsui), Peak Tram, Central Ferry Pier, Hong Kong Observation Wheel"
English,HongKong,Tram & Ferry Nostalgia,5,"Hong Kong Tramway (Ding Ding), Star Ferry (Tsim Sha Tsui), Peak Tram, Central Ferry Pier, Hong Kong Observation Wheel"
Turkish,Seoul,Kraliyet Seul'u,5,"Gyeongbokgung Sarayı, Changdeokgung Palace & Secret Garden, Bukchon Hanok Köyü, Insadong Culture Street, Jogyesa Temple"
English,Seoul,Royal Seoul,5,"Gyeongbokgung Sarayı, Changdeokgung Palace & Secret Garden, Bukchon Hanok Köyü, Insadong Culture Street, Jogyesa Temple"
Turkish,Seoul,Fütüristik Seul,5,"Dongdaemun Design Plaza (DDP), Lotte World Tower (Seoul Sky), Starfield Library (COEX Mall), Banpo Bridge Moonlight Rainbow Fountain, Gangnam District"
English,Seoul,Futuristic Seoul,5,"Dongdaemun Design Plaza (DDP), Lotte World Tower (Seoul Sky), Starfield Library (COEX Mall), Banpo Bridge Moonlight Rainbow Fountain, Gangnam District"
Turkish,Seoul,Alışveriş & Gençlik,5,"Myeongdong Shopping Street, Hongdae (Hongik University Street), Hwayang-dong (Konkuk Univ), Ewha Womans University Area, Stylenanda Pink Hotel"
English,Seoul,Shopping & Youth,5,"Myeongdong Shopping Street, Hongdae (Hongik University Street), Hwayang-dong (Konkuk Univ), Ewha Womans University Area, Stylenanda Pink Hotel"
Turkish,Seoul,Kore Yemek Macerası,5,"Gwangjang Market (Mayak Kimbap), Myeongdong Kyoja, Myeongdong Street Food, Tosokchon Samgyetang (Chicken Soup), Sulbing (Bingsu Dessert)"
English,Seoul,K-Food Adventure,5,"Gwangjang Market (Mayak Kimbap), Myeongdong Kyoja, Myeongdong Street Food, Tosokchon Samgyetang (Chicken Soup), Sulbing (Bingsu Dessert)"
Turkish,Seoul,Panoramik Seul,5,"N Seoul Tower, Namsan Park & Cable Car, Hanyangdoseong (Ancient City Wall), Bugak Skyway, Cheonggyecheon Stream Walk"
English,Seoul,Panoramic Seoul,5,"N Seoul Tower, Namsan Park & Cable Car, Hanyangdoseong (Ancient City Wall), Bugak Skyway, Cheonggyecheon Stream Walk"
Turkish,Seoul,Savaş & Barış,2,"War Memorial of Korea, Imjingak Resort (DMZ)"
English,Seoul,War & Peace,2,"War Memorial of Korea, Imjingak Resort (DMZ)"
Turkish,Nice,Promenade & Eski Şehir,5,"Promenade des Anglais, Vieux Nice (Old Town), Cours Saleya Market, Colline du Château (Castle Hill), Tour Bellanda"
English,Nice,Promenade & Old Town,5,"Promenade des Anglais, Vieux Nice (Old Town), Cours Saleya Market, Colline du Château (Castle Hill), Tour Bellanda"
Turkish,Nice,Sanatın Ustaları,3,"Marc Chagall National Museum, Matisse Museum, Cimiez Monastery"
English,Nice,Masters of Art,3,"Marc Chagall National Museum, Matisse Museum, Cimiez Monastery"
Turkish,Nice,Kraliyet & Rus İzleri,3,"Russian Orthodox Cathedral, Hotel Negresco, Villa Masséna Musée"
English,Nice,Royal & Russian,3,"Russian Orthodox Cathedral, Hotel Negresco, Villa Masséna Musée"
Turkish,Nice,Yeşil Nice,3,"Phoenix Park (Parc Phoenix), Promenade du Paillon, Jardin Albert 1er"
English,Nice,Green Nice,3,"Phoenix Park (Parc Phoenix), Promenade du Paillon, Jardin Albert 1er"
Turkish,Nice,Liman & Panorama,3,"Port Lympia, Place Garibaldi, Coco Beach"
English,Nice,Port & Panorama,3,"Port Lympia, Place Garibaldi, Coco Beach"
Turkish,Lyon,Eski Lyon & Traboule'lar,4,"Vieux Lyon (Rönesans Avluları), Traboules, Cathédrale Saint-Jean-Baptiste, Musée Cinéma et Miniature"
English,Lyon,Vieux Lyon & Traboules,4,"Vieux Lyon (Rönesans Avluları), Traboules, Cathédrale Saint-Jean-Baptiste, Musée Cinéma et Miniature"
Turkish,Lyon,Fourvière & Roma Kalıntıları,3,"Basilica of Notre-Dame de Fourvière, Théâtres Romains de Fourvière, Musée Gallo-Romain"
English,Lyon,Fourvière & Roman Ruins,3,"Basilica of Notre-Dame de Fourvière, Théâtres Romains de Fourvière, Musée Gallo-Romain"
Turkish,Lyon,Gastronomi Başkenti,4,"Les Halles de Lyon Paul Bocuse, Bouchon Daniel & Denise, Café des Fédérations, François Pralus - Lyon Presqu'île"
English,Lyon,Capital of Gastronomy,4,"Les Halles de Lyon Paul Bocuse, Bouchon Daniel & Denise, Café des Fédérations, François Pralus - Lyon Presqu'île"
Turkish,Lyon,Müzik & Nehirler,4,"Musée des Beaux-Arts, Place des Terreaux, Place Bellecour, Musée des Confluences"
English,Lyon,Music & Rivers,4,"Musée des Beaux-Arts, Place des Terreaux, Place Bellecour, Musée des Confluences"
Turkish,Lyon,Boyalı Duvarlar & İpek,3,"Croix-Rousse, Mur des Canuts, La Fresque des Lyonnais"
English,Lyon,Painted Walls & Silk,3,"Croix-Rousse, Mur des Canuts, La Fresque des Lyonnais"
Turkish,Lyon,Altın Baş Parkı,2,"Parc de la Tête d'Or (Gül Bahçesi), L'Institut Lumière"
English,Lyon,Golden Head Park,2,"Parc de la Tête d'Or (Gül Bahçesi), L'Institut Lumière"
Turkish,Marseille,Vieux Port & Tarih,4,"Vieux Port (Old Port), Notre-Dame de la Garde, Fort Saint-Jean, Abbaye Saint-Victor"
English,Marseille,Vieux Port & History,4,"Vieux Port (Old Port), Notre-Dame de la Garde, Fort Saint-Jean, Abbaye Saint-Victor"
Turkish,Marseille,MuCEM & Le Panier,4,"MuCEM, Le Panier, Cathédrale La Major, Les Terrasses du Port"
English,Marseille,MuCEM & Le Panier,4,"MuCEM, Le Panier, Cathédrale La Major, Les Terrasses du Port"
Turkish,Marseille,Calanques & Adalar,4,"Calanques National Park, Château d'If, Frioul Islands, Vallon des Auffes (Viyadük)"
English,Marseille,Calanques & Islands,4,"Calanques National Park, Château d'If, Frioul Islands, Vallon des Auffes (Viyadük)"
Turkish,Marseille,Bohem Marsilya,3,"Cours Julien, La Plaine, Savonnerie de la Licorne"
English,Marseille,Bohemian Marseille,3,"Cours Julien, La Plaine, Savonnerie de la Licorne"
Turkish,Marseille,Corniche & Plajlar,3,"La Corniche Kennedy, Plage des Catalans, Vallon des Auffes (Viyadük)"
English,Marseille,Corniche & Beaches,3,"La Corniche Kennedy, Plage des Catalans, Vallon des Auffes (Viyadük)"
Turkish,Marseille,Modern Mimari,2,"Cité Radieuse (Le Corbusier), Orange Vélodrome"
English,Marseille,Modern Architecture,2,"Cité Radieuse (Le Corbusier), Orange Vélodrome"
Turkish,Dublin,Dublin Tarihi & Üni,5,"Trinity College - Long Room, Dublin Castle, Chester Beatty Library, Christ Church Cathedral, St. Patrick's Cathedral"
English,Dublin,Dublin History & Uni,5,"Trinity College - Long Room, Dublin Castle, Chester Beatty Library, Christ Church Cathedral, St. Patrick's Cathedral"
Turkish,Dublin,Guinness & Temple Bar,5,"Guinness Storehouse, Temple Bar, Jameson Distillery Bow St., The Brazen Head, Irish Whiskey Museum"
English,Dublin,Guinness & Temple Bar,5,"Guinness Storehouse, Temple Bar, Jameson Distillery Bow St., The Brazen Head, Irish Whiskey Museum"
Turkish,Dublin,İsyancılar & Göçmenler,5,"Kilmainham Gaol, EPIC The Irish Emigration Museum, GPO Witness History, Jeanie Johnston Tall Ship, Famine Memorial"
English,Dublin,Rebels & Emigrants,5,"Kilmainham Gaol, EPIC The Irish Emigration Museum, GPO Witness History, Jeanie Johnston Tall Ship, Famine Memorial"
Turkish,Dublin,Yeşil Dublin Parkları,5,"St. Stephen's Green, Phoenix Park (Deer Watching), Merrion Square, National Botanic Gardens, Iveagh Gardens"
English,Dublin,Green Dublin Parks,5,"St. Stephen's Green, Phoenix Park (Deer Watching), Merrion Square, National Botanic Gardens, Iveagh Gardens"
Turkish,Dublin,Müzik & Folklor,4,"The Cobblestone, The Stag's Head, O'Donoghue's, Whelands"
English,Dublin,Music & Folklore,4,"The Cobblestone, The Stag's Head, O'Donoghue's, Whelands"
Turkish,Dublin,Howth Sahil Yürüyüşü,3,"Howth, Howth Cliff Walk, Howth Market"
English,Dublin,Howth Coastal Walk,3,"Howth, Howth Cliff Walk, Howth Market"
Turkish,Antalya,Kaleiçi & Tarih,6,"Hadrian Kapısı (Üç Kapılar), Kaleiçi, Hıdırlık Kulesi, Mermerli Plajı, Vanilla Lounge, Yivli Minare"
English,Antalya,Kaleiçi & History,6,"Hadrian Kapısı (Üç Kapılar), Kaleiçi, Hıdırlık Kulesi, Mermerli Plajı, Vanilla Lounge, Yivli Minare"
Turkish,Antalya,Antik Kentler (Günübirlik),5,"Aspendos Antik Tiyatrosu, Perge Antik Kenti, Termessos Antik Kenti, Kurşunlu Şelalesi, Köprülü Kanyon"
English,Antalya,Ancient Cities (Day Trip),5,"Aspendos Antik Tiyatrosu, Perge Antik Kenti, Termessos Antik Kenti, Kurşunlu Şelalesi, Köprülü Kanyon"
Turkish,Antalya,Şelaleler & Doğa,5,"Düden Şelalesi (Aşağı), Düden Parkı, Kurşunlu Şelalesi, Konyaaltı Plajı, The Land of Legends Theme Park"
English,Antalya,Waterfalls & Nature,5,"Düden Şelalesi (Aşağı), Düden Parkı, Kurşunlu Şelalesi, Konyaaltı Plajı, The Land of Legends Theme Park"
Turkish,Antalya,Lara Sahili ve Alışveriş,5,"Lara Plajı, TerraCity AVM, Falez Parkı, Eski Lara Caddesi, Lara Balıkçı Barınağı"
English,Antalya,Lara Coast & Shopping,5,"Lara Plajı, TerraCity AVM, Falez Parkı, Eski Lara Caddesi, Lara Balıkçı Barınağı"
Turkish,Gaziantep,Gastronomi Başkenti,6,"İmam Çağdaş, Koçak Baklava, Tahmis Kahvesi, Mutfak Sanatları Merkezi, Kebapçı Halil Usta, Orkide Pastanesi (Katmer)"
English,Gaziantep,Gastronomy Capital,6,"İmam Çağdaş, Koçak Baklava, Tahmis Kahvesi, Mutfak Sanatları Merkezi, Kebapçı Halil Usta, Orkide Pastanesi (Katmer)"
Turkish,Gaziantep,Zeugma & Tarih,6,"Zeugma Mozaik Müzesi, Gaziantep Kalesi, Bakırcılar Çarşısı, Zincirli Bedesten, Hamam Müzesi, Gümrük Hanı"
English,Gaziantep,Zeugma & History,6,"Zeugma Mozaik Müzesi, Gaziantep Kalesi, Bakırcılar Çarşısı, Zincirli Bedesten, Hamam Müzesi, Gümrük Hanı"
Turkish,Gaziantep,Bakırcılar ve El Sanatları,6,"Bakırcılar Çarşısı, Almacı Pazarı, Kutnu Kumaş Atölyeleri, Sedef Kakma Atölyesi, Naib Hamamı, Tarihi Gümrük Hanı"
English,Gaziantep,Artisans & Bazaars,6,"Bakırcılar Çarşısı, Almacı Pazarı, Kutnu Kumaş Atölyeleri, Sedef Kakma Atölyesi, Naib Hamamı, Tarihi Gümrük Hanı"
Turkish,Cappadocia,Kırmızı Tur (Kuzey),6,"Göreme Açık Hava Müzesi, Uçhisar Kalesi, Paşabağ Peribacaları, Devrent Vadisi, Avanos Çömlek Atölyesi, Dibek Restaurant"
English,Cappadocia,Red Tour (North),6,"Göreme Açık Hava Müzesi, Uçhisar Kalesi, Paşabağ Peribacaları, Devrent Vadisi, Avanos Çömlek Atölyesi, Dibek Restaurant"
Turkish,Cappadocia,Yeşil Tur (Güney),5,"Derinkuyu Yeraltı Şehri, Ihlara Vadisi, Selime Manastırı, Belisirma Köyü (Yemek), Güvercinlik Vadisi"
English,Cappadocia,Green Tour (South),5,"Derinkuyu Yeraltı Şehri, Ihlara Vadisi, Selime Manastırı, Belisirma Köyü (Yemek), Güvercinlik Vadisi"
Turkish,Cappadocia,Balonlar & Manzara,5,"Aşk Vadisi (Love Valley), Kızılçukur Vadisi (Sunset Point), Ortahisar Kalesi, Galerie Icman (Carpet Shop), Asmalı Konak Museum"
English,Cappadocia,Balloons & Views,5,"Aşk Vadisi (Love Valley), Kızılçukur Vadisi (Sunset Point), Ortahisar Kalesi, Galerie Icman (Carpet Shop), Asmalı Konak Museum"
Turkish,Belgrade,Belgrad Havası & Tarih,5,"Kalemegdan Fortress, Knez Mihailova Street, Republic Square, Hotel Moskva (Cafe), Beton Hala (Riverside)"
English,Belgrade,Belgrade Vibes & History,5,"Kalemegdan Fortress, Knez Mihailova Street, Republic Square, Hotel Moskva (Cafe), Beton Hala (Riverside)"
Turkish,Belgrade,Bohem Skadarlija,5,"Skadarlija Street, Dva Jelena (Two Deer), Tri Sesira, Bajloni Market, Red Bar"
English,Belgrade,Bohemian Skadarlija,5,"Skadarlija Street, Dva Jelena (Two Deer), Tri Sesira, Bajloni Market, Red Bar"
Turkish,Belgrade,Tesla & Müzeler,5,"Nikola Tesla Museum, Saint Sava Temple, National Museum of Serbia, Botanical Garden Jevremovac, Smokvica (Cafe)"
English,Belgrade,Tesla & Museums,5,"Nikola Tesla Museum, Saint Sava Temple, National Museum of Serbia, Botanical Garden Jevremovac, Smokvica (Cafe)"
Turkish,Bologna,Kızıl Şehir,5,"Piazza Maggiore, Two Towers (Due Torri), San Petronio Basilica, Archiginnasio (Teatro Anatomico), Salumeria Simoni (Food)"
English,Bologna,The Red City,5,"Piazza Maggiore, Two Towers (Due Torri), San Petronio Basilica, Archiginnasio (Teatro Anatomico), Salumeria Simoni (Food)"
Turkish,Bologna,Şişman Bologna,5,"Quadrilatero Market, Osteria dell'Orsa, Cremeria Santo Stefano, Mercato di Mezzo, Trattoria da Danio"
English,Bologna,La Grassa (The Fat),5,"Quadrilatero Market, Osteria dell'Orsa, Cremeria Santo Stefano, Mercato di Mezzo, Trattoria da Danio"
Turkish,Heidelberg,Kale & Eski Köprü,5,"Heidelberg Castle, Old Bridge (Karl Theodor Bridge), Market Square (Marktplatz), Church of the Holy Spirit, Vetter's Alt Heidelberger Brauhaus"
English,Heidelberg,Castle & Old Bridge,5,"Heidelberg Castle, Old Bridge (Karl Theodor Bridge), Market Square (Marktplatz), Church of the Holy Spirit, Vetter's Alt Heidelberger Brauhaus"
Turkish,Heidelberg,Filozoflar Yolu,4,"Philosophers' Walk, Heiligenberg, Thingstätte Amphitheatre, Neuburg Abbey"
English,Heidelberg,Philosophers' Walk,4,"Philosophers' Walk, Heiligenberg, Thingstätte Amphitheatre, Neuburg Abbey"
Turkish,Kotor,Ortaçağ Eski Şehir,6,"Kotor Old Town, Cathedral of Saint Tryphon, Cats Museum, Church of St. Luke, Bastion Restaurant, Kampana Tower"
English,Kotor,Medieval Old Town,6,"Kotor Old Town, Cathedral of Saint Tryphon, Cats Museum, Church of St. Luke, Bastion Restaurant, Kampana Tower"
Turkish,Kotor,San Giovanni Tırmanışı,4,"Castle of San Giovanni, Church of Our Lady of Remedy, Trail Cheese Shop, North Gate"
English,Kotor,San Giovanni Hike,4,"Castle of San Giovanni, Church of Our Lady of Remedy, Trail Cheese Shop, North Gate"
Turkish,Matera,Matera Sassi,6,"Sassi di Matera, Casa Grotta nei Sassi, Madonna de Idris, San Pietro Caveoso, Palombaro Lungo, Antica Matera (Restaurant)"
English,Matera,Sassi di Matera,6,"Sassi di Matera, Casa Grotta nei Sassi, Madonna de Idris, San Pietro Caveoso, Palombaro Lungo, Antica Matera (Restaurant)"
Turkish,Matera,Belvedere Manzaraları,4,"Belvedere di Murgia Timone, Parco della Murgia Materana, Pane e Pace (Bakery), MUSMA Museum"
English,Matera,Belvedere Views,4,"Belvedere di Murgia Timone, Parco della Murgia Materana, Pane e Pace (Bakery), MUSMA Museum"
Turkish,Oslo,Opera & Munch,5,"Oslo Opera House, Munch Museum, Deichman Bjørvika, Salt (Sauna & Food), Vippa Food Court"
English,Oslo,Opera & Munch,5,"Oslo Opera House, Munch Museum, Deichman Bjørvika, Salt (Sauna & Food), Vippa Food Court"
Turkish,Oslo,Vigeland Heykel Parkı,5,"Vigeland Sculpture Park, Frogner Park, Holmenkollen Ski Museum & Tower, Anne på landet (Cafe), The Emanuel Vigeland Museum"
English,Oslo,Vigeland Sculpture Park,5,"Vigeland Sculpture Park, Frogner Park, Holmenkollen Ski Museum & Tower, Anne på landet (Cafe), The Emanuel Vigeland Museum"
Turkish,Rovaniemi,Noel Baba Köyü,5,"Santa Claus Village, Santa's Main Post Office, Husky Park, Santa's Salmon Place (Food), Reindeer Sleigh Ride"
English,Rovaniemi,Santa Claus Village,5,"Santa Claus Village, Santa's Main Post Office, Husky Park, Santa's Salmon Place (Food), Reindeer Sleigh Ride"
Turkish,Rovaniemi,Arktikum & Doğa,5,"Arktikum Science Museum, Pilke Science Centre, Korundi House of Culture, Ounasvaara Winter Trail, Cafe & Bar 21"
English,Rovaniemi,Arktikum & Nature,5,"Arktikum Science Museum, Pilke Science Centre, Korundi House of Culture, Ounasvaara Winter Trail, Cafe & Bar 21"
Turkish,SanSebastian,La Concha & Manzara,5,"La Concha Beach, Ondarreta Beach, Miramar Palace Gardens, Peine del Viento (Wind Comb), Monte Igueldo Funicular"
English,SanSebastian,La Concha & Views,5,"La Concha Beach, Ondarreta Beach, Miramar Palace Gardens, Peine del Viento (Wind Comb), Monte Igueldo Funicular"
Turkish,SanSebastian,Pintxos Turu,5,"Parte Vieja (Old Town), La Viña (Cheesecake), Bar Zeruko, Borda Berri, Atari Gastroteka"
English,SanSebastian,Pintxos Tour,5,"Parte Vieja (Old Town), La Viña (Cheesecake), Bar Zeruko, Borda Berri, Atari Gastroteka"
Turkish,Santorini,Oia Gün Batımı & Manzara,5,"Oia Castle, Amoudi Bay (Fish Tavernas), Blue Domed Churches, Melenio Cafe, Atlantis Books"
English,Santorini,Oia Sunset & Views,5,"Oia Castle, Amoudi Bay (Fish Tavernas), Blue Domed Churches, Melenio Cafe, Atlantis Books"
Turkish,Santorini,Fira'dan Oia'ya Yürüyüş,5,"Fira, Skaros Rock, Imerovigli, Prophet Elias Church, Avocado Restaurant (Lunch Stop)"
English,Santorini,Fira to Oia Hike,5,"Fira, Skaros Rock, Imerovigli, Prophet Elias Church, Avocado Restaurant (Lunch Stop)"
Turkish,Santorini,Kızıl Plaj & Tarih,4,"Red Beach, Akrotiri Archaeological Site, Perissa Beach (Black Sand), Santo Wines Winery"
English,Santorini,Red Beach & History,4,"Red Beach, Akrotiri Archaeological Site, Perissa Beach (Black Sand), Santo Wines Winery"
Turkish,Sarajevo,Başçarşı & Eski Şehir,6,"Başçarşı, Sebilj (Sebil), Gazi Husrev-beg Mosque, Latin Bridge, Inat Kuca, Yellow Bastion (Sunset)"
English,Sarajevo,Baščaršija & Old Town,6,"Başçarşı, Sebilj (Sebil), Gazi Husrev-beg Mosque, Latin Bridge, Inat Kuca, Yellow Bastion (Sunset)"
Turkish,Sarajevo,Umut Tüneli,4,"Tunnel of Hope, Galerija 11/07/95, War Childhood Museum, Sniper Alley (Drive-by)"
English,Sarajevo,Tunnel of Hope,4,"Tunnel of Hope, Galerija 11/07/95, War Childhood Museum, Sniper Alley (Drive-by)"
Turkish,Sintra,Pena & Mağribi Kalesi,4,"Pena Palace, Moorish Castle, Park of Pena, Chalet of the Countess of Edla"
English,Sintra,Pena & Moorish Castle,4,"Pena Palace, Moorish Castle, Park of Pena, Chalet of the Countess of Edla"
Turkish,Sintra,Quinta da Regaleira,4,"Quinta da Regaleira (Initiation Well), Sintra National Palace, Piriquita (Pastries), Monserrate Palace"
English,Sintra,Quinta da Regaleira,4,"Quinta da Regaleira (Initiation Well), Sintra National Palace, Piriquita (Pastries), Monserrate Palace"
Turkish,Strasbourg,Petite France & Katedral,5,"Strasbourg Cathedral, Petite France, Ponts Couverts, Barrage Vauban, Maison Kammerzell"
English,Strasbourg,Petite France & Cathedral,5,"Strasbourg Cathedral, Petite France, Ponts Couverts, Barrage Vauban, Maison Kammerzell"
Turkish,Strasbourg,Avrupa Bölgesi,4,"European Parliament, Parc de l'Orangerie, Josephine Pavilion, Bowling de l'Orangerie"
English,Strasbourg,European Quarter,4,"European Parliament, Parc de l'Orangerie, Josephine Pavilion, Bowling de l'Orangerie"
Turkish,Tromso,Arktik Kapısı,5,"Arctic Cathedral, Fjellheisen Cable Car, Polar Museum, Polaria Aquarium, Mack Brewery (Ølhallen)"
English,Tromso,Arctic Gateway,5,"Arctic Cathedral, Fjellheisen Cable Car, Polar Museum, Polaria Aquarium, Mack Brewery (Ølhallen)"
Turkish,Tromso,Kuzey Işıkları Noktaları,4,"Telegrafbukta Beach, Prestvannet Lake, Fjellheisen Viewpoint, Ersfjordbotn"
English,Tromso,Northern Lights Spots,4,"Telegrafbukta Beach, Prestvannet Lake, Fjellheisen Viewpoint, Ersfjordbotn"
Turkish,Zermatt,Gornergrat Treni,5,"Gornergrat Railway, Riffelsee Lake, 3100 Kulmhotel, Riffelalp Resort, Matterhorn Viewpoint"
English,Zermatt,Gornergrat Railway,5,"Gornergrat Railway, Riffelsee Lake, 3100 Kulmhotel, Riffelalp Resort, Matterhorn Viewpoint"
Turkish,Zermatt,Zermatt Köyü,5,"Hinterdorf (Old Barns), Matterhorn Museum, Mountaineers' Cemetery, Bahnhofstrasse, Fuchs Bakery"
English,Zermatt,Zermatt Village,5,"Hinterdorf (Old Barns), Matterhorn Museum, Mountaineers' Cemetery, Bahnhofstrasse, Fuchs Bakery"
Turkish,Bruges,Ortaçağ Masalı,6,"Markt Square, Belfry of Bruges, Minnewater Park, Rozenhoedkaai, Choco-Story Museum, De Halve Maan Brewery"
English,Bruges,Medieval Fairy Tale,6,"Markt Square, Belfry of Bruges, Minnewater Park, Rozenhoedkaai, Choco-Story Museum, De Halve Maan Brewery"
Turkish,Brussels,Grand Place & İkonlar,6,"Grand Place, Manneken Pis, Royal Gallery of Saint Hubert, Atomium (View), Maison Dandoy (Waffles), Delirium Café"
English,Brussels,Grand Place & Icons,6,"Grand Place, Manneken Pis, Royal Gallery of Saint Hubert, Atomium (View), Maison Dandoy (Waffles), Delirium Café"
Turkish,Colmar,Küçük Venedik,5,"Little Venice (La Petite Venise), Pfister House, Saint Martin's Church, Covered Market (Marché Couvert), Maison des Têtes"
English,Colmar,Little Venice,5,"Little Venice (La Petite Venise), Pfister House, Saint Martin's Church, Covered Market (Marché Couvert), Maison des Têtes"
Turkish,Edinburgh,Kraliyet Yolu & Kale,6,"Edinburgh Castle, The Royal Mile, St Giles' Cathedral, Victoria Street, Camera Obscura, Mary King's Close"
English,Edinburgh,Royal Mile & Castle,6,"Edinburgh Castle, The Royal Mile, St Giles' Cathedral, Victoria Street, Camera Obscura, Mary King's Close"
Turkish,Edinburgh,Arthur's Seat Yürüyüşü,5,"Arthur's Seat, Salisbury Crags, Holyrood Park, Duddingston Village, Sheep Heid Inn (Pub)"
English,Edinburgh,Arthur's Seat Hike,5,"Arthur's Seat, Salisbury Crags, Holyrood Park, Duddingston Village, Sheep Heid Inn (Pub)"
Turkish,Giethoorn,Kuzeyin Venediği,4,"Giethoorn Canals, Museum Giethoorn 't Olde Maat Uus, Binnenpad (Walking Path), Smit's Paviljoen (Lunch)"
English,Giethoorn,Venice of the North,4,"Giethoorn Canals, Museum Giethoorn 't Olde Maat Uus, Binnenpad (Walking Path), Smit's Paviljoen (Lunch)"
Turkish,Hallstatt,Alp Masalı,6,"Hallstatt Skywalk (Welterbeblick), Salt Mine (Salzwelten), Market Square, Lake Hallstatt, Bone House (Beinhaus), Seehotel Grüner Baum"
English,Hallstatt,Alpine Fairytale,6,"Hallstatt Skywalk (Welterbeblick), Salt Mine (Salzwelten), Market Square, Lake Hallstatt, Bone House (Beinhaus), Seehotel Grüner Baum"
